diagnostic_version,session_id,asset,feature,horizon_ms,q,policy,grid_rows,quality_n,forward_eligible_n,overlap_spacing_steps,pre_overlap_event_n,first_event_grid_pos,last_event_grid_pos,pre_overlap_positions_sha256,gap_steps_min,gap_steps_median,gap_steps_max,conflicting_pair_n,fraction_events_with_neighbor_inside_spacing,maximum_local_cluster_size,accepted_n,overlap_dropped_n,accepted_positions_count,accepted_positions_sha256,accepted_first_grid_pos,accepted_last_grid_pos,mean_signed_bps,hit_rate,mean_abs_move,gap_threshold_crossing_n,confirmation_finite_n,alignment_true_n,aligned_forward_valid_n,confirmation_component_positive_n,confirmation_component_negative_n,direction_positive_n,direction_negative_n,aligned_positive_pair_n,aligned_negative_pair_n
V1.2_STAGE2_FINAL,20260905T073818Z_e44d99bd,BTC,bitget_ofi,1000,0.9,P0,215999,212899,212889,10,21291,15,215985,f9bb3ea4e9312db86b771b61d57d19893d4da2a5e47f2cf6b166d93cc3f69c53,1,4.0,296,33667,0.8976093184913814,118,8894,12397,8894,de83e096d71b3b41830987b57e6d6620fdb501e7ceba784d557b7d776e94fd44,15,215985,0.02301285877872437,0.05048347200359793,0.05054820485185154,,,,,,,,,,
V1.2_STAGE2_FINAL,20260905T073818Z_e44d99bd,BTC,bitget_ofi,1000,0.9,P1,215999,212899,212889,10,21291,15,215985,f9bb3ea4e9312db86b771b61d57d19893d4da2a5e47f2cf6b166d93cc3f69c53,1,4.0,296,33667,0.8976093184913814,118,8894,12397,8894,908cb500e278c09f617a3528a4fb649c455853eb2953d5e8df95551ba76f5be5,21,215985,0.007441747503060781,0.026647177872723183,0.028662948047960726,,,,,,,,,,
V1.2_STAGE2_FINAL,20260905T073818Z_e44d99bd,BTC,bitget_ofi,5000,0.9,P0,215999,212899,212849,50,21288,15,215946,93e7328379ddb599a30c2e11289bb774c84863da4741759da6b994f30b3dcbd8,1,4.0,296,144038,0.9958662157083803,484,3170,18118,3170,16acd8e906688017c14432a01d2cb87cb3f1dc4e118e70f4259beb21e727314b,15,215946,0.05513346165431393,0.13753943217665615,0.17562047891987964,,,,,,,,,,
V1.2_STAGE2_FINAL,20260905T073818Z_e44d99bd,BTC,bitget_ofi,5000,0.9,P1,215999,212899,212849,50,21288,15,215946,93e7328379ddb599a30c2e11289bb774c84863da4741759da6b994f30b3dcbd8,1,4.0,296,144038,0.9958662157083803,484,3170,18118,3170,bad1dd0b6634a4bb8ac4b89c434f7dfed9fb2f528d4c9201b017602c121a293a,50,215946,0.010618166172853038,0.09305993690851735,0.14138267010496708,,,,,,,,,,
V1.2_STAGE2_FINAL,20260905T073818Z_e44d99bd,BTC,bitget_ofi,30000,0.9,P0,215999,212899,212605,300,21249,15,215686,f7d76e132cd4ad9c6b0a2e399632e187dbd40a87b8aa146eb455e4b332bbe758,1,4.0,296,755859,1.0,21249,674,20575,674,98dda33ca53c11fe64a2f6c6a45bbcb752da89c0d63ff26a6cdf94e21f75fa34,15,215485,0.08882948227950277,0.3323442136498516,0.7324695861358449,,,,,,,,,,
V1.2_STAGE2_FINAL,20260905T073818Z_e44d99bd,BTC,bitget_ofi,30000,0.9,P1,215999,212899,212605,300,21249,15,215686,f7d76e132cd4ad9c6b0a2e399632e187dbd40a87b8aa146eb455e4b332bbe758,1,4.0,296,755859,1.0,21249,674,20575,674,3803d133e80d1c4a97a149b0e3b744951d1eed83ab2aeb82f9b995ad787108cd,275,215686,0.029852721170222914,0.2818991097922849,0.6767082910993675,,,,,,,,,,
V1.2_STAGE2_FINAL,20260905T073818Z_e44d99bd,BTC,depthL1_extOFI,1000,0.9,P0,215999,212899,212889,10,21287,631,215988,8c7cba07f12a1e067c0acc0400ef8be3a48578e344bbd8826a1dbc71086a8ecf,1,3.0,1067,48274,0.9454596702212618,168,7218,14069,7218,278506e1aedbff60deb06ccf82d6f421528317c19c7a618d32c1c768d32408bd,631,215981,0.05045597788413706,0.08742033804377944,0.06511242510606413,,,,,,,,,,
V1.2_STAGE2_FINAL,20260905T073818Z_e44d99bd,BTC,depthL1_extOFI,1000,0.9,P1,215999,212899,212889,10,21287,631,215988,8c7cba07f12a1e067c0acc0400ef8be3a48578e344bbd8826a1dbc71086a8ecf,1,3.0,1067,48274,0.9454596702212618,168,7218,14069,7218,69fc8d5ec2d98c380c681ad9f39d7dacaa088f7562f31da65df0bb0da311e085,635,215988,0.03335545295957626,0.06539207536713772,0.04730486080693116,,,,,,,,,,
V1.2_STAGE2_FINAL,20260905T073818Z_e44d99bd,BTC,depthL1_extOFI,5000,0.9,P0,215999,212899,212849,50,21280,631,215945,885ac78776f586ce076d87a221210b4d7ad8e66208c4a5bfc69ff00052362952,1,3.0,1067,216467,0.994125939849624,435,2395,18885,2395,5a78db13c788ac2c9071e1d721a5f604a6ae6a601b3c85b6af804cce5b5d7b59,631,215927,0.1454270065179181,0.230062630480167,0.2238648974594719,,,,,,,,,,
V1.2_STAGE2_FINAL,20260905T073818Z_e44d99bd,BTC,depthL1_extOFI,5000,0.9,P1,215999,212899,212849,50,21280,631,215945,885ac78776f586ce076d87a221210b4d7ad8e66208c4a5bfc69ff00052362952,1,3.0,1067,216467,0.994125939849624,435,2395,18885,2395,dd73ae7471377209948eea911392f18cca0fcdcd79f19efb2996f367a0503bb0,638,215945,0.08419120396057117,0.18538622129436325,0.16706701063058443,,,,,,,,,,
V1.2_STAGE2_FINAL,20260905T073818Z_e44d99bd,BTC,depthL1_extOFI,30000,0.9,P0,215999,212899,212605,300,21225,631,215696,1879888dc9a5f41ee93f63b8f6aff929a4bf7504087f977709233d28b1004fdf,1,3.0,1067,946506,0.9996702002355713,1791,588,20637,588,432e0df44e402e710d7c6f333d5e97cc332b6bc8c3419cff979c0dac9e5a69d6,631,215592,0.33826009408064817,0.45918367346938777,0.7991270392071526,,,,,,,,,,
V1.2_STAGE2_FINAL,20260905T073818Z_e44d99bd,BTC,depthL1_extOFI,30000,0.9,P1,215999,212899,212605,300,21225,631,215696,1879888dc9a5f41ee93f63b8f6aff929a4bf7504087f977709233d28b1004fdf,1,3.0,1067,946506,0.9996702002355713,1791,588,20637,588,ca05f17413963b7427666dac8fc657b85e3398095396229de7e4914e63364e2b,740,215696,0.17357957618236047,0.391156462585034,0.6908866180167031,,,,,,,,,,
V1.2_STAGE2_FINAL,20260905T073818Z_e44d99bd,BTC,gap_depth_extOFI,1000,0.9,P0,215999,212899,212889,10,15601,1704,215843,e9feacea45e655a22e1697b69c877a9e965dc7bb020afeed3c761902e171838e,1,1.0,6922,104991,0.9950003204922762,455,2204,13397,2204,2e9a0c75be11418b3ddab6a424ffb36d84fb6a6dad8e8aeb51100a9733fd5c3f,1704,215840,0.0849335604597771,0.09891107078039928,0.10399553078615635,21290.0,212899.0,131020.0,15601.0,11343.0,9947.0,8430.0,7171.0,8430.0,7171.0
V1.2_STAGE2_FINAL,20260905T073818Z_e44d99bd,BTC,gap_depth_extOFI,1000,0.9,P1,215999,212899,212889,10,15601,1704,215843,e9feacea45e655a22e1697b69c877a9e965dc7bb020afeed3c761902e171838e,1,1.0,6922,104991,0.9950003204922762,455,2204,13397,2204,556eec7aa79d032662d24f41054af129d6399b4bf1a63cf218ee802edc900edf,1710,215843,0.06769746775994492,0.0925589836660617,0.08987026646247687,21290.0,212899.0,131020.0,15601.0,11343.0,9947.0,8430.0,7171.0,8430.0,7171.0
V1.2_STAGE2_FINAL,20260905T073818Z_e44d99bd,BTC,gap_depth_extOFI,5000,0.9,P0,215999,212899,212849,50,15601,1704,215843,e9feacea45e655a22e1697b69c877a9e965dc7bb020afeed3c761902e171838e,1,1.0,6922,466166,0.996923274149093,455,631,14970,631,6fd6f470457405400c425b0db7b440fd11ef0f2de539e6c93fc4bc8f409488e5,1704,215830,0.28659861192977387,0.3090332805071315,0.38414300882125246,21290.0,212899.0,131020.0,15601.0,11343.0,9947.0,8430.0,7171.0,8430.0,7171.0
V1.2_STAGE2_FINAL,20260905T073818Z_e44d99bd,BTC,gap_depth_extOFI,5000,0.9,P1,215999,212899,212849,50,15601,1704,215843,e9feacea45e655a22e1697b69c877a9e965dc7bb020afeed3c761902e171838e,1,1.0,6922,466166,0.996923274149093,455,631,14970,631,b1d20696d6f96ee5cf778bc07d62f08bc2b1cf4b429c223cce98e9d7683c8542,1710,215843,0.1760528059330122,0.277337559429477,0.3149117185896094,21290.0,212899.0,131020.0,15601.0,11343.0,9947.0,8430.0,7171.0,8430.0,7171.0
V1.2_STAGE2_FINAL,20260905T073818Z_e44d99bd,BTC,gap_depth_extOFI,30000,0.9,P0,215999,212899,212605,300,15508,1704,215422,b12386719b42121f3394ae2174ff8a82c40b991bfa46439ca74a344e1ba68d7e,1,1.0,6922,1356671,0.9990327572865618,598,232,15276,232,9222ab2eccbc52377325dcc63cf26b9cc2f1671b87abda0de56a1e30cbe23a10,1704,215383,0.6086836534419937,0.5818965517241379,1.2102193025187333,21290.0,212899.0,131020.0,15508.0,11343.0,9947.0,8430.0,7078.0,8430.0,7078.0
V1.2_STAGE2_FINAL,20260905T073818Z_e44d99bd,BTC,gap_depth_extOFI,30000,0.9,P1,215999,212899,212605,300,15508,1704,215422,b12386719b42121f3394ae2174ff8a82c40b991bfa46439ca74a344e1ba68d7e,1,1.0,6922,1356671,0.9990327572865618,598,232,15276,232,48845625f24cf3e28124544c66def1d8ad22adf978baad8066836a9c2f73e13a,1710,215422,0.34249466770238873,0.5344827586206896,0.9417301678410998,21290.0,212899.0,131020.0,15508.0,11343.0,9947.0,8430.0,7078.0,8430.0,7078.0
V1.2_STAGE2_FINAL,20260905T073818Z_e44d99bd,BTC,depth_imbalance_l1,1000,0.9,P0,215999,212899,212889,10,21291,631,215945,f276794e1b84815015c57eab0a3a636385510bffb4857925a877ad3a2b76805c,1,1.0,5051,158384,0.9922032783805363,830,2725,18566,2725,0441ee2ffff8e723eedd65a9c30eb1ee661be1529bb7ed5fd6c5db35e7890286,631,215937,0.10277442078753823,0.1655045871559633,0.11956598945452605,,,,,,,,,,
V1.2_STAGE2_FINAL,20260905T073818Z_e44d99bd,BTC,depth_imbalance_l1,1000,0.9,P1,215999,212899,212889,10,21291,631,215945,f276794e1b84815015c57eab0a3a636385510bffb4857925a877ad3a2b76805c,1,1.0,5051,158384,0.9922032783805363,830,2725,18566,2725,91e3a202fee2cc08b6087e9a553edfa797278b818264edd554de97954408e83c,639,215945,0.09571888960002475,0.15486238532110091,0.10862137188862951,,,,,,,,,,
V1.2_STAGE2_FINAL,20260905T073818Z_e44d99bd,BTC,depth_imbalance_l1,5000,0.9,P0,215999,212899,212849,50,21291,631,215945,f276794e1b84815015c57eab0a3a636385510bffb4857925a877ad3a2b76805c,1,1.0,5051,629383,0.9973697806584942,831,905,20386,905,1f56b149ebc734981fa4e0991d676b6aeb028249658cfbc52ad0c0a8ea2eef6b,631,215934,0.3105248152033329,0.4220994475138122,0.4002208117985473,,,,,,,,,,
V1.2_STAGE2_FINAL,20260905T073818Z_e44d99bd,BTC,depth_imbalance_l1,5000,0.9,P1,215999,212899,212849,50,21291,631,215945,f276794e1b84815015c57eab0a3a636385510bffb4857925a877ad3a2b76805c,1,1.0,5051,629383,0.9973697806584942,831,905,20386,905,25acf8e0de84a084d7f7995f91b4504f3c829acdc9bdf4f0c0d991b24c4ffa52,679,215945,0.243935682489308,0.38011049723756907,0.3105550158171124,,,,,,,,,,
V1.2_STAGE2_FINAL,20260905T073818Z_e44d99bd,BTC,depth_imbalance_l1,30000,0.9,P0,215999,212899,212605,300,21188,631,215698,9fe86fb0cb6ed13293af5dca6e89e65f5cf22717d1095c54717acbd4adee3f6f,1,1.0,5051,1830429,0.9994336416839721,866,340,20848,340,01b7910c7db05e69a477746159135b4b542439a4ae61698e8d19267d87695501,631,215485,0.5971039880853956,0.65,1.0302113734717149,,,,,,,,,,
V1.2_STAGE2_FINAL,20260905T073818Z_e44d99bd,BTC,depth_imbalance_l1,30000,0.9,P1,215999,212899,212605,300,21188,631,215698,9fe86fb0cb6ed13293af5dca6e89e65f5cf22717d1095c54717acbd4adee3f6f,1,1.0,5051,1830429,0.9994336416839721,866,340,20848,340,ee4617b8b9f1fd08670979c5b10476fda8fb60311aae442db81a642b226c7502,729,215698,0.46187632401828044,0.5882352941176471,0.8125595296638023,,,,,,,,,,
V1.2_STAGE2_FINAL,20260905T073818Z_e44d99bd,BTC,gap_depthL1,1000,0.9,P0,215999,212899,212889,10,18186,1704,215843,958872fafe230db6e5c193b20b9e1ba3f39302c0b1998c71c985ca62ef6bacf6,1,1.0,6923,149653,0.996095897943473,608,2036,16150,2036,190062a2800024900257b66baaeb958760ab1e0235f9eec4b5357b28581f8d6d,1704,215840,0.08373810779667337,0.10265225933202357,0.09973293933712095,,,,,,,,,,
V1.2_STAGE2_FINAL,20260905T073818Z_e44d99bd,BTC,gap_depthL1,1000,0.9,P1,215999,212899,212889,10,18186,1704,215843,958872fafe230db6e5c193b20b9e1ba3f39302c0b1998c71c985ca62ef6bacf6,1,1.0,6923,149653,0.996095897943473,608,2036,16150,2036,ad4666b496c4e12a97cbda6b1d27ab872da6757ab9a72ade5d7bfc1c6dafa61d,1710,215843,0.06709851651658941,0.0962671905697446,0.08823809759283244,,,,,,,,,,
V1.2_STAGE2_FINAL,20260905T073818Z_e44d99bd,BTC,gap_depthL1,5000,0.9,P0,215999,212899,212849,50,18186,1704,215843,958872fafe230db6e5c193b20b9e1ba3f39302c0b1998c71c985ca62ef6bacf6,1,1.0,6923,658055,0.9976905311778291,608,575,17611,575,4dde276ab0601c8f0ab7e585381aedfff416735a0b538bf9099e3010f72dca3c,1704,215830,0.28587999667572406,0.3234782608695652,0.38430571406186315,,,,,,,,,,
V1.2_STAGE2_FINAL,20260905T073818Z_e44d99bd,BTC,gap_depthL1,5000,0.9,P1,215999,212899,212849,50,18186,1704,215843,958872fafe230db6e5c193b20b9e1ba3f39302c0b1998c71c985ca62ef6bacf6,1,1.0,6923,658055,0.9976905311778291,608,575,17611,575,5c4b48e4a5aa7b88128f7d2fccd9e932dee2e97d95be830e97e301f58f8dc051,1710,215843,0.21091608435366208,0.2991304347826087,0.3385205583070754,,,,,,,,,,
V1.2_STAGE2_FINAL,20260905T073818Z_e44d99bd,BTC,gap_depthL1,30000,0.9,P0,215999,212899,212605,300,18078,1704,215422,f2395aedcedf4e2a2e5e2eaae3b500c2b3c2a876303ed7db720390ba7509066b,1,1.0,6923,1904916,0.9991702621971457,812,217,17861,217,57cc6c37155b40b1cf0f769415ed2263bca9faf9e7874aa8988759eb4a8d6985,1704,215383,0.6369216144122974,0.6036866359447005,1.161499805105075,,,,,,,,,,
V1.2_STAGE2_FINAL,20260905T073818Z_e44d99bd,BTC,gap_depthL1,30000,0.9,P1,215999,212899,212605,300,18078,1704,215422,f2395aedcedf4e2a2e5e2eaae3b500c2b3c2a876303ed7db720390ba7509066b,1,1.0,6923,1904916,0.9991702621971457,812,217,17861,217,154ab5089781e9eb5b9bba3032244ee029a86acd39f57357c9243035906c33f7,1710,215422,0.4432936720896801,0.5714285714285714,0.9742663208910443,,,,,,,,,,
V1.2_STAGE2_FINAL,20260905T073818Z_e44d99bd,BTC,gap_localOFI,1000,0.9,P0,215999,212899,212889,10,4288,1704,215841,0e9d09a2f91f00c616a271778caae3cff7d61cdb74a1e0e4a9b5d47e3367ae52,1,4.0,6921,7383,0.9496268656716418,98,1623,2665,1623,11fdcbcb145e16582d6b0c1150b19cf3d0b52062c27ec6fa682b19cbf0da5e5f,1704,215837,0.09005032606326595,0.1059765865680838,0.10323168380764956,,,,,,,,,,
V1.2_STAGE2_FINAL,20260905T073818Z_e44d99bd,BTC,gap_localOFI,1000,0.9,P1,215999,212899,212889,10,4288,1704,215841,0e9d09a2f91f00c616a271778caae3cff7d61cdb74a1e0e4a9b5d47e3367ae52,1,4.0,6921,7383,0.9496268656716418,98,1623,2665,1623,8846677cc749be5d72983fef7c9382ebf54258a889a255a8b725f9519fa24439,1710,215841,0.07700027627562209,0.10289587184226741,0.0976258147812938,,,,,,,,,,
V1.2_STAGE2_FINAL,20260905T073818Z_e44d99bd,BTC,gap_localOFI,5000,0.9,P0,215999,212899,212849,50,4288,1704,215841,0e9d09a2f91f00c616a271778caae3cff7d61cdb74a1e0e4a9b5d47e3367ae52,1,4.0,6921,31231,0.9906716417910447,170,570,3718,570,7538ce3b750a6001617a8d87918f8f86c334dd04ab32088d93c44616864542ec,1704,215832,0.2538267455640398,0.2912280701754386,0.3616785029410528,,,,,,,,,,
V1.2_STAGE2_FINAL,20260905T073818Z_e44d99bd,BTC,gap_localOFI,5000,0.9,P1,215999,212899,212849,50,4288,1704,215841,0e9d09a2f91f00c616a271778caae3cff7d61cdb74a1e0e4a9b5d47e3367ae52,1,4.0,6921,31231,0.9906716417910447,170,570,3718,570,4ce4a1892632d2b089311a172de0930878b9fb1fe0f951771a417b8fba28825f,1710,215841,0.17311837927020185,0.2771929824561403,0.3162995359442432,,,,,,,,,,
V1.2_STAGE2_FINAL,20260905T073818Z_e44d99bd,BTC,gap_localOFI,30000,0.9,P0,215999,212899,212605,300,4261,1704,215422,7ea8d372857f5f1eb81fa266f4fe50fd16c8e224c64f10eb9ebf6768182f615e,1,4.0,6921,94931,0.9964796996010327,235,224,4037,224,2e19730f77c4f7c37e1aed9ce10d0fecf2be7797b8d18af36ac3eb54d2c94eb0,1704,215383,0.5115455693897379,0.5803571428571429,1.1714693538116092,,,,,,,,,,
V1.2_STAGE2_FINAL,20260905T073818Z_e44d99bd,BTC,gap_localOFI,30000,0.9,P1,215999,212899,212605,300,4261,1704,215422,7ea8d372857f5f1eb81fa266f4fe50fd16c8e224c64f10eb9ebf6768182f615e,1,4.0,6921,94931,0.9964796996010327,235,224,4037,224,e02d089ed8349ccc88d2716f480f254bd5a70c55fd241b1f89c4accacb2ccf85,1710,215422,0.29844648660846446,0.5133928571428571,0.8990705200550373,,,,,,,,,,
V1.2_STAGE2_FINAL,20260905T073818Z_e44d99bd,ETH,bitget_ofi,1000,0.9,P0,215999,212624,212614,10,21263,11,215973,879d931924b49239a8252d17516a2f35ed7b8c3a79692a15234f6831ccac7066,1,4.0,485,35525,0.9038705732963364,139,8590,12673,8590,38dd0aba78722787ee7f6f3fe9526a1e0da22f237c29d952efa4b2416335d413,11,215967,0.0409999516497632,0.10710128055878929,0.10625711457755603,,,,,,,,,,
V1.2_STAGE2_FINAL,20260905T073818Z_e44d99bd,ETH,bitget_ofi,1000,0.9,P1,215999,212624,212614,10,21263,11,215973,879d931924b49239a8252d17516a2f35ed7b8c3a79692a15234f6831ccac7066,1,4.0,485,35525,0.9038705732963364,139,8590,12673,8590,1c793ba5c4ae541ceb06243496ecb0af9464e471ca68ca29f11336bd1d740de0,19,215973,0.02169747715198802,0.05867287543655413,0.06683034709039583,,,,,,,,,,
V1.2_STAGE2_FINAL,20260905T073818Z_e44d99bd,ETH,bitget_ofi,5000,0.9,P0,215999,212624,212574,50,21256,11,215926,cacd98d5d0a6277505444421fad935c6639aeb5946e980dffd01a7968fe2be34,1,4.0,485,147502,0.995765901392548,653,3121,18135,3121,4286242dd10b5e43be5ce1e3990e50def2b5192b48b07b09bc0613ecc0a95c6c,11,215902,0.10675975897041103,0.26722204421659723,0.33218795037859633,,,,,,,,,,
V1.2_STAGE2_FINAL,20260905T073818Z_e44d99bd,ETH,bitget_ofi,5000,0.9,P1,215999,212624,212574,50,21256,11,215926,cacd98d5d0a6277505444421fad935c6639aeb5946e980dffd01a7968fe2be34,1,4.0,485,147502,0.995765901392548,653,3121,18135,3121,c2bfc07b8eaa9bc78be89cb5a3d1534c1a5c61ae196012484a79028b0cde133b,19,215926,0.06085256421381875,0.19288689522588914,0.26129777511535934,,,,,,,,,,
V1.2_STAGE2_FINAL,20260905T073818Z_e44d99bd,ETH,bitget_ofi,30000,0.9,P0,215999,212624,212324,300,21228,11,215645,c0b00ad010d255849e2250291b105c2065d8b22456756d37608a4ab532efc380,1,4.0,485,768041,0.9998586772187676,5763,670,20558,670,3185d7923d76da24f5a464aac6396d324caef8565194401de5ee1c0d30767e7d,11,215596,0.13442035981532263,0.4298507462686567,1.1313763912363073,,,,,,,,,,
V1.2_STAGE2_FINAL,20260905T073818Z_e44d99bd,ETH,bitget_ofi,30000,0.9,P1,215999,212624,212324,300,21228,11,215645,c0b00ad010d255849e2250291b105c2065d8b22456756d37608a4ab532efc380,1,4.0,485,768041,0.9998586772187676,5763,670,20558,670,12e4620388e7c04385131855141f8a0839c0eea901c4b94ff9850e5164a76bc7,185,215645,0.040409779977646026,0.4,1.0895009862558855,,,,,,,,,,
V1.2_STAGE2_FINAL,20260905T073818Z_e44d99bd,ETH,depthL1_extOFI,1000,0.9,P0,215999,212624,212614,10,21263,11,215968,04c728fb5bc6f2f08d6b933925089435ea63c961ce5de2737b23e8f3d963d1f2,1,3.0,2541,45123,0.9388139020834313,104,7479,13784,7479,70fda6c5e889b3c4b73678ff14792d17dd60cf6b3c4af73153993e7a297de483,11,215962,0.09573547618579144,0.16579756651958819,0.1210317672628728,,,,,,,,,,
V1.2_STAGE2_FINAL,20260905T073818Z_e44d99bd,ETH,depthL1_extOFI,1000,0.9,P1,215999,212624,212614,10,21263,11,215968,04c728fb5bc6f2f08d6b933925089435ea63c961ce5de2737b23e8f3d963d1f2,1,3.0,2541,45123,0.9388139020834313,104,7479,13784,7479,67c024cbece755ac4e1c79d42d6b4cfa09a45ca1c7f3185ae14b312cc54361d4,15,215968,0.06786242239729708,0.12301109774033962,0.09030188442862287,,,,,,,,,,
V1.2_STAGE2_FINAL,20260905T073818Z_e44d99bd,ETH,depthL1_extOFI,5000,0.9,P0,215999,212624,212574,50,21259,11,215948,9bd5e74e9af20d070ff6ca992db57ca5865aba9540000d3bc8a1874fae5a2d34,1,3.0,2541,183914,0.9958135377957571,287,2641,18618,2641,8cb15e358388541fde0223ab458dc74c8c89baccdbc20faa4a4850dc495af792,11,215918,0.2301439731024084,0.3767512305944718,0.3732626677298704,,,,,,,,,,
V1.2_STAGE2_FINAL,20260905T073818Z_e44d99bd,ETH,depthL1_extOFI,5000,0.9,P1,215999,212624,212574,50,21259,11,215948,9bd5e74e9af20d070ff6ca992db57ca5865aba9540000d3bc8a1874fae5a2d34,1,3.0,2541,183914,0.9958135377957571,287,2641,18618,2641,a478cfd0ffd09aa6b115fd9fc7c4b0577be6b1e6ba2c3a795ee373c06333fe3f,15,215948,0.14691246877391692,0.29231351760696705,0.29423500755984605,,,,,,,,,,
V1.2_STAGE2_FINAL,20260905T073818Z_e44d99bd,ETH,depthL1_extOFI,30000,0.9,P0,215999,212624,212324,300,21193,11,215697,fd62e18e5acdc3fd2a4331d030a7bd46d50befbbcda8ce3cf1136517d4a4c520,1,3.0,2541,812767,0.9999056292171944,4660,623,20570,623,071f903b8a8c96897fc372683179207d8b7fbd4d7cf76a9331423a6cdfbb9185,11,215467,0.3204663260656776,0.5152487961476726,1.1623955120441012,,,,,,,,,,
V1.2_STAGE2_FINAL,20260905T073818Z_e44d99bd,ETH,depthL1_extOFI,30000,0.9,P1,215999,212624,212324,300,21193,11,215697,fd62e18e5acdc3fd2a4331d030a7bd46d50befbbcda8ce3cf1136517d4a4c520,1,3.0,2541,812767,0.9999056292171944,4660,623,20570,623,e33e5fa4672cdefeb5bac2b6d20fe669da405f461297220faf08b13cfd05f7dc,15,215697,0.2910959603138534,0.49759229534510435,1.1455847211989345,,,,,,,,,,
V1.2_STAGE2_FINAL,20260905T073818Z_e44d99bd,ETH,gap_depth_extOFI,1000,0.9,P0,215999,212624,212614,10,13642,619,215966,ff6b21d569e9c8bd80eb221c03f01d94b823a41dfde0145b1f67f99757941a3f,1,1.0,5086,82892,0.9914235449347603,483,2171,11471,2171,733b3868e53ca0bc77f65620b3fd4a46ff376a06fa76a7e1e8fca9a6d72ae885,619,215957,0.13028612571828382,0.12713035467526485,0.14907812560281453,21263.0,212624.0,121343.0,13642.0,9578.0,11685.0,6099.0,7543.0,6099.0,7543.0
V1.2_STAGE2_FINAL,20260905T073818Z_e44d99bd,ETH,gap_depth_extOFI,1000,0.9,P1,215999,212624,212614,10,13642,619,215966,ff6b21d569e9c8bd80eb221c03f01d94b823a41dfde0145b1f67f99757941a3f,1,1.0,5086,82892,0.9914235449347603,483,2171,11471,2171,63f63d2d32f6524a369090abed03b41298fdd1fb89eb4ed27157322abf303b7f,620,215966,0.11944901359708318,0.12851220635651772,0.14439042253062453,21263.0,212624.0,121343.0,13642.0,9578.0,11685.0,6099.0,7543.0,6099.0,7543.0
V1.2_STAGE2_FINAL,20260905T073818Z_e44d99bd,ETH,gap_depth_extOFI,5000,0.9,P0,215999,212624,212574,50,13633,619,215859,acdf6f9f5b32921faf6e2d458dc516a11248075a527fd799e20747fa1994d5da,1,1.0,5086,329012,0.9960390229589966,628,695,12938,695,380a8b190f7bd86a3bbbb4be3b6f196c0dc29629465e98adf7d6c112b2f9614c,619,215826,0.38153747248311404,0.3683453237410072,0.5261261040034466,21263.0,212624.0,121343.0,13633.0,9578.0,11685.0,6099.0,7534.0,6099.0,7534.0
V1.2_STAGE2_FINAL,20260905T073818Z_e44d99bd,ETH,gap_depth_extOFI,5000,0.9,P1,215999,212624,212574,50,13633,619,215859,acdf6f9f5b32921faf6e2d458dc516a11248075a527fd799e20747fa1994d5da,1,1.0,5086,329012,0.9960390229589966,628,695,12938,695,8e4a4fe99fc270b226d4b3787ba53668d021c3dab2524b6b4be68907aeeb4ed3,630,215859,0.332245686665812,0.36258992805755397,0.51597228031361,21263.0,212624.0,121343.0,13633.0,9578.0,11685.0,6099.0,7534.0,6099.0,7534.0
V1.2_STAGE2_FINAL,20260905T073818Z_e44d99bd,ETH,gap_depth_extOFI,30000,0.9,P0,215999,212624,212324,300,13522,619,215295,910647f593c9d83e9b0740a6d2a98b9e237bfd78e4fb5f86e81ab347787bb729,1,1.0,5086,884074,0.9991865108711729,705,280,13242,280,9df07492f53403e11092000353a4bb93fbacac6dfd7ea870a1ce152350146027,619,215017,0.7781915674530235,0.6107142857142858,1.5073277573665786,21263.0,212624.0,121343.0,13522.0,9578.0,11685.0,6099.0,7423.0,6099.0,7423.0
V1.2_STAGE2_FINAL,20260905T073818Z_e44d99bd,ETH,gap_depth_extOFI,30000,0.9,P1,215999,212624,212324,300,13522,619,215295,910647f593c9d83e9b0740a6d2a98b9e237bfd78e4fb5f86e81ab347787bb729,1,1.0,5086,884074,0.9991865108711729,705,280,13242,280,2c79f8999c8c35aac93f40b8b8b2ef3dbb4e7eee0b4ea8da878f42dc778ba95e,630,215295,0.5642170597145129,0.6,1.4305191564949578,21263.0,212624.0,121343.0,13522.0,9578.0,11685.0,6099.0,7423.0,6099.0,7423.0
V1.2_STAGE2_FINAL,20260905T073818Z_e44d99bd,ETH,depth_imbalance_l1,1000,0.9,P0,215999,212624,212614,10,21267,200,215834,e50ef12fa39cbfae7ccf24f586bbb2aa9ba5947dd8c19c06529212ee85907643,1,1.0,4598,147732,0.987398316640805,510,2962,18305,2962,faed8c33d875702171205d000776252de575f6d582ca6348bd4f9d232427571a,200,215830,0.14817182861400727,0.23160027008777853,0.1720220570297316,,,,,,,,,,
V1.2_STAGE2_FINAL,20260905T073818Z_e44d99bd,ETH,depth_imbalance_l1,1000,0.9,P1,215999,212624,212614,10,21267,200,215834,e50ef12fa39cbfae7ccf24f586bbb2aa9ba5947dd8c19c06529212ee85907643,1,1.0,4598,147732,0.987398316640805,510,2962,18305,2962,785cf099cf6c87af5cc5ab4918884ff5fcf1165182a92fec7e38a97967d08047,202,215834,0.14290805457513295,0.22316002700877785,0.15950149730162033,,,,,,,,,,
V1.2_STAGE2_FINAL,20260905T073818Z_e44d99bd,ETH,depth_imbalance_l1,5000,0.9,P0,215999,212624,212574,50,21267,200,215834,e50ef12fa39cbfae7ccf24f586bbb2aa9ba5947dd8c19c06529212ee85907643,1,1.0,4598,522520,0.9937461795269666,510,1163,20104,1163,86c06ab2c0953afe83505e22db4bdb91e047fbaea408bf832db3c779ad41b980,200,215830,0.3733381375270623,0.524505588993981,0.4891467088923464,,,,,,,,,,
V1.2_STAGE2_FINAL,20260905T073818Z_e44d99bd,ETH,depth_imbalance_l1,5000,0.9,P1,215999,212624,212574,50,21267,200,215834,e50ef12fa39cbfae7ccf24f586bbb2aa9ba5947dd8c19c06529212ee85907643,1,1.0,4598,522520,0.9937461795269666,510,1163,20104,1163,367ea2bdba9483854cc2304faf47f26fdd163e53bd43c2e64e2db347ad0d56bb,217,215834,0.31086667041106103,0.4815133276010318,0.4163482791561972,,,,,,,,,,
V1.2_STAGE2_FINAL,20260905T073818Z_e44d99bd,ETH,depth_imbalance_l1,30000,0.9,P0,215999,212624,212324,300,21151,200,215698,a4552cd5f4ce9447def3fd2e0479a9ebce444bf830b96c49054e2621c382af7f,1,1.0,4598,1444098,0.9993853718500307,880,444,20707,444,6ed292e515e387bce892c5a0c40ed11b0441fa9d07913c28164ae6c4cb92a303,200,215570,0.40698066705500713,0.5630630630630631,1.2860594999087676,,,,,,,,,,
V1.2_STAGE2_FINAL,20260905T073818Z_e44d99bd,ETH,depth_imbalance_l1,30000,0.9,P1,215999,212624,212324,300,21151,200,215698,a4552cd5f4ce9447def3fd2e0479a9ebce444bf830b96c49054e2621c382af7f,1,1.0,4598,1444098,0.9993853718500307,880,444,20707,444,ab2ef4b2ca07e2828c987f46918f714d15fe1ec9a28a3f71a66eb07ffac9df70,269,215698,0.3667868941932195,0.5315315315315315,1.1042872973812785,,,,,,,,,,
V1.2_STAGE2_FINAL,20260905T073818Z_e44d99bd,ETH,gap_depthL1,1000,0.9,P0,215999,212624,212614,10,14821,619,215966,a95fde85fd2fdd4406a1c5f22dfa38ae2821371895a496b51966776b28805613,1,1.0,5084,114399,0.9945347817286283,518,1793,13028,1793,0df8be047c88d13c57d6652ab1ca9826fb7ea59a87055832409d8e195b49e39a,619,215957,0.13657377629465187,0.1550474065811489,0.16000431588023742,,,,,,,,,,
V1.2_STAGE2_FINAL,20260905T073818Z_e44d99bd,ETH,gap_depthL1,1000,0.9,P1,215999,212624,212614,10,14821,619,215966,a95fde85fd2fdd4406a1c5f22dfa38ae2821371895a496b51966776b28805613,1,1.0,5084,114399,0.9945347817286283,518,1793,13028,1793,cfc956bc55cf2d45aa8b169d1a51bab28c72d78c31f18ddae42abf5f397d1678,620,215966,0.12173589702334374,0.15448968209704406,0.15166228569512052,,,,,,,,,,
V1.2_STAGE2_FINAL,20260905T073818Z_e44d99bd,ETH,gap_depthL1,5000,0.9,P0,215999,212624,212574,50,14811,619,215859,e55a80460134d4c6528509d7d0fe944843fdde31dc5108b725622520defb474d,1,1.0,5084,438072,0.996556613327932,518,584,14227,584,7ba8d05bdbc8044f3b92ddd113e9719ba1fe190fcf7db2570a6257d7106d54fc,619,215826,0.37979777953173016,0.4315068493150685,0.5294160981052052,,,,,,,,,,
V1.2_STAGE2_FINAL,20260905T073818Z_e44d99bd,ETH,gap_depthL1,5000,0.9,P1,215999,212624,212574,50,14811,619,215859,e55a80460134d4c6528509d7d0fe944843fdde31dc5108b725622520defb474d,1,1.0,5084,438072,0.996556613327932,518,584,14227,584,55d8748050f4e3905da5c42a10a10ff43ed24785863e80d0b1e7e5acb8fa9b5c,630,215859,0.3510155850410663,0.4332191780821918,0.5230489799965979,,,,,,,,,,
V1.2_STAGE2_FINAL,20260905T073818Z_e44d99bd,ETH,gap_depthL1,30000,0.9,P0,215999,212624,212324,300,14693,619,215295,3055f87f6826edace9113ec0540dc866d4ab2f502e7dd48c52782dc22ab7e8da,1,1.0,5084,1102293,0.9989110460763629,793,263,14430,263,f2f90d40ccf850529648772891325170c2deb13a449868ec0890ed415f25693b,619,215017,0.7503019015851339,0.6311787072243346,1.4745127777826768,,,,,,,,,,
V1.2_STAGE2_FINAL,20260905T073818Z_e44d99bd,ETH,gap_depthL1,30000,0.9,P1,215999,212624,212324,300,14693,619,215295,3055f87f6826edace9113ec0540dc866d4ab2f502e7dd48c52782dc22ab7e8da,1,1.0,5084,1102293,0.9989110460763629,793,263,14430,263,ccd59313fe5306a002068fe0c8cc884e38c665583e78e79d3ec7351dd69b0d6c,630,215295,0.4675609792320696,0.596958174904943,1.393484804716318,,,,,,,,,,
V1.2_STAGE2_FINAL,20260905T073818Z_e44d99bd,ETH,gap_localOFI,1000,0.9,P0,215999,212624,212614,10,3068,620,215962,2f27e3f4e10675dd55a1454d959b0723c45b29083c26fed768d97693d810b86e,1,5.0,5090,3675,0.8702737940026075,27,1435,1633,1435,b3f9a3b396e7e1198d2253a1ccf5ac7212d61380c18fdde7e3e6bddccd9430dc,620,215962,0.1495863468822963,0.14634146341463414,0.16326296170203541,,,,,,,,,,
V1.2_STAGE2_FINAL,20260905T073818Z_e44d99bd,ETH,gap_localOFI,1000,0.9,P1,215999,212624,212614,10,3068,620,215962,2f27e3f4e10675dd55a1454d959b0723c45b29083c26fed768d97693d810b86e,1,5.0,5090,3675,0.8702737940026075,27,1435,1633,1435,63050c0153bfb80c9fc90ae89cffc672b2cdb3319aba5b8166af49827fb1e050,620,215962,0.1336381619056859,0.14634146341463414,0.1516831990929919,,,,,,,,,,
V1.2_STAGE2_FINAL,20260905T073818Z_e44d99bd,ETH,gap_localOFI,5000,0.9,P0,215999,212624,212574,50,3067,620,215857,94505b88ce62f0cd1a9db63a3417b86f5c70550bcbdbdfefaa67ebc60a4cd5e3,1,5.0,5090,12739,0.9801108575154874,119,629,2438,629,7d278bd15207bb450a7e80ae761e8e52b0e05953b32f578bf7184f5e7354d37a,620,215830,0.3399360289582615,0.35453100158982515,0.4963236809257859,,,,,,,,,,
V1.2_STAGE2_FINAL,20260905T073818Z_e44d99bd,ETH,gap_localOFI,5000,0.9,P1,215999,212624,212574,50,3067,620,215857,94505b88ce62f0cd1a9db63a3417b86f5c70550bcbdbdfefaa67ebc60a4cd5e3,1,5.0,5090,12739,0.9801108575154874,119,629,2438,629,3e15c3c5e93f2dc3ebce420dfbdc11e82e3d31933953ab569041fe50afd4577f,620,215857,0.3292391179908849,0.36089030206677264,0.504010973904813,,,,,,,,,,
V1.2_STAGE2_FINAL,20260905T073818Z_e44d99bd,ETH,gap_localOFI,30000,0.9,P0,215999,212624,212324,300,3049,620,215293,d5e60090a39ed74b06d6b6bd7ae4d427529ea024df323bc3dd6d836b34d3fd3a,1,5.0,5090,39191,0.9947523778287963,177,272,2777,272,ca3dca623e08dbc1f94c0d7fc1a924a3591882b0386926a45adcf105bb718dfa,620,215017,0.7324805524314949,0.6139705882352942,1.4803613062050873,,,,,,,,,,
V1.2_STAGE2_FINAL,20260905T073818Z_e44d99bd,ETH,gap_localOFI,30000,0.9,P1,215999,212624,212324,300,3049,620,215293,d5e60090a39ed74b06d6b6bd7ae4d427529ea024df323bc3dd6d836b34d3fd3a,1,5.0,5090,39191,0.9947523778287963,177,272,2777,272,3d9bcc786e6a7562d2d06d3e8e1e1d44cc201e62ab79a22b526c948012dccbe4,620,215293,0.5474131442643552,0.5992647058823529,1.383787278893637,,,,,,,,,,
V1.2_STAGE2_FINAL,20260906T221530Z_db18dc51,BTC,bitget_ofi,1000,0.9,P0,107929,107911,107901,10,10788,34,107918,9fa1f4356ed00846a2e1f92b6219c75e7fbf425ea4718831525d8ef3f052174d,1,4.0,246,16934,0.9079532814238043,67,4387,6401,4387,31cbcdaa085f33f068d3ab43fbc6b254b00c240bb576b003ac57eade047d3a32,34,107918,0.17499414798260937,0.29655801230909506,0.3453199777591372,,,,,,,,,,
V1.2_STAGE2_FINAL,20260906T221530Z_db18dc51,BTC,bitget_ofi,1000,0.9,P1,107929,107911,107901,10,10788,34,107918,9fa1f4356ed00846a2e1f92b6219c75e7fbf425ea4718831525d8ef3f052174d,1,4.0,246,16934,0.9079532814238043,67,4387,6401,4387,813eba111cd2128c7a90c611b66044698ef30e7fba40172809fc7ec31351903e,34,107918,0.06556828410636875,0.14041486209254617,0.18309886368342274,,,,,,,,,,
V1.2_STAGE2_FINAL,20260906T221530Z_db18dc51,BTC,bitget_ofi,5000,0.9,P0,107929,107911,107861,50,10786,34,107832,a3892c7df9ba4623345276ec6a0dd7521969fea2ee826a8edc538b15cbc7f6a6,1,4.0,246,71541,0.9964769145188207,522,1629,9157,1629,4bd2f35ea2f599f94c0cd956c0a45b26f0cd01d03b0356306d76e0e5a2a31a08,34,107832,0.25277953338347303,0.4696132596685083,0.9613422772285886,,,,,,,,,,
V1.2_STAGE2_FINAL,20260906T221530Z_db18dc51,BTC,bitget_ofi,5000,0.9,P1,107929,107911,107861,50,10786,34,107832,a3892c7df9ba4623345276ec6a0dd7521969fea2ee826a8edc538b15cbc7f6a6,1,4.0,246,71541,0.9964769145188207,522,1629,9157,1629,d3ea9283b39ec10442adaf0e96ac31aa9194b2bc6ad7d18ead564c8e68ee37f6,69,107832,0.1743545226649288,0.3529772866789441,0.7391937448511604,,,,,,,,,,
V1.2_STAGE2_FINAL,20260906T221530Z_db18dc51,BTC,bitget_ofi,30000,0.9,P0,107929,107911,107611,300,10761,34,107626,902011f2ba67acb757a6110f8b3d749c3c73a5188f4a14eecd45ba58108b5005,1,4.0,246,391064,1.0,10761,337,10424,337,f52c3bc25310fc0532d6f22c4167cbed2028b70196f9a948b484731386022b35,34,107613,0.0700950795330465,0.49258160237388726,2.693090436461146,,,,,,,,,,
V1.2_STAGE2_FINAL,20260906T221530Z_db18dc51,BTC,bitget_ofi,30000,0.9,P1,107929,107911,107611,300,10761,34,107626,902011f2ba67acb757a6110f8b3d749c3c73a5188f4a14eecd45ba58108b5005,1,4.0,246,391064,1.0,10761,337,10424,337,4ebb39d5fe70cda04aad3674df5a8730e33b0cea97f9d7fe07e203259a953b7e,275,107626,0.3123590510037681,0.5400593471810089,2.671660704386841,,,,,,,,,,
V1.2_STAGE2_FINAL,20260906T221530Z_db18dc51,BTC,depthL1_extOFI,1000,0.9,P0,107929,107911,107901,10,10786,14,107918,53a055abf0d0e39509d9a7120d1d30adc23d0347ef15381dd932b89e6e3723bf,1,3.0,414,20475,0.9234192471722603,51,3955,6831,3955,35f9171f3fe428d23a2b2072e47dedd6f6bfab7ee99236be7da306fdf03b5ad9,14,107910,0.3140178674835592,0.40176991150442476,0.42578256005877285,,,,,,,,,,
V1.2_STAGE2_FINAL,20260906T221530Z_db18dc51,BTC,depthL1_extOFI,1000,0.9,P1,107929,107911,107901,10,10786,14,107918,53a055abf0d0e39509d9a7120d1d30adc23d0347ef15381dd932b89e6e3723bf,1,3.0,414,20475,0.9234192471722603,51,3955,6831,3955,ae3606a4d8b715e8187ccdb0dd95430493682fc8a6c1de4d6ee97a9668220133,15,107918,0.21273801130214665,0.3122629582806574,0.30484329255079623,,,,,,,,,,
V1.2_STAGE2_FINAL,20260906T221530Z_db18dc51,BTC,depthL1_extOFI,5000,0.9,P0,107929,107911,107861,50,10773,14,107867,15788636e9637fc1346ff737f9d545dbd4907f53d1b35e2ab34e2e1c094ac367,1,3.0,414,77460,0.9964726631393298,544,1482,9291,1482,26664d5703af2ce26a9163d2772f0d24f9b3d39fcc3f7136bfce92a2565bfdcf,14,107825,0.5284876166686682,0.578272604588394,1.0441713530120749,,,,,,,,,,
V1.2_STAGE2_FINAL,20260906T221530Z_db18dc51,BTC,depthL1_extOFI,5000,0.9,P1,107929,107911,107861,50,10773,14,107867,15788636e9637fc1346ff737f9d545dbd4907f53d1b35e2ab34e2e1c094ac367,1,3.0,414,77460,0.9964726631393298,544,1482,9291,1482,742f2b256607971a3ca416664b56f70c2caaea5e3c41d8a914ebdc9adaa86345,48,107867,0.306882263973453,0.49122807017543857,0.803258012721894,,,,,,,,,,
V1.2_STAGE2_FINAL,20260906T221530Z_db18dc51,BTC,depthL1_extOFI,30000,0.9,P0,107929,107911,107611,300,10738,14,107626,a1ca508eb1fd3ba32915209d89bf48b6d38067442b0dfb34e91d8417a29308b8,1,3.0,414,381149,1.0,7600,334,10404,334,fba3522b4e4a28ed97edd0ffce50ff84d25fd93912123af7260ae257a0268632,14,107538,0.7546588507192838,0.5988023952095808,2.7246354861139537,,,,,,,,,,
V1.2_STAGE2_FINAL,20260906T221530Z_db18dc51,BTC,depthL1_extOFI,30000,0.9,P1,107929,107911,107611,300,10738,14,107626,a1ca508eb1fd3ba32915209d89bf48b6d38067442b0dfb34e91d8417a29308b8,1,3.0,414,381149,1.0,7600,334,10404,334,f2ce45f0766a0855f07b94249431d2ffb884f45dea9dd5f22baeb98115654dba,48,107626,0.37427510297643024,0.5568862275449101,2.5900923992451568,,,,,,,,,,
V1.2_STAGE2_FINAL,20260906T221530Z_db18dc51,BTC,gap_depth_extOFI,1000,0.9,P0,107929,107911,107901,10,7689,34,107827,1bdab017c3cdc9207cb52bb19111e5c91298e8cc2badec3284d43fd98073216a,1,1.0,1609,43027,0.9759396540512421,226,1369,6320,1369,ca5234388340df7db7f851225cbd1e5ab2e9c420e4a634e326f50973e29cfc15,34,107826,0.42011688097272243,0.38130021913805695,0.5285067743910548,10792.0,107911.0,63220.0,7689.0,5228.0,5564.0,3788.0,3901.0,3788.0,3901.0
V1.2_STAGE2_FINAL,20260906T221530Z_db18dc51,BTC,gap_depth_extOFI,1000,0.9,P1,107929,107911,107901,10,7689,34,107827,1bdab017c3cdc9207cb52bb19111e5c91298e8cc2badec3284d43fd98073216a,1,1.0,1609,43027,0.9759396540512421,226,1369,6320,1369,fa38a7b293a4fafc3bc4121be8e3f7f8b33819a8d76aa906c1a6d28688eb698a,36,107827,0.3816677873700067,0.36888239590942296,0.5048538479248231,10792.0,107911.0,63220.0,7689.0,5228.0,5564.0,3788.0,3901.0,3788.0,3901.0
V1.2_STAGE2_FINAL,20260906T221530Z_db18dc51,BTC,gap_depth_extOFI,5000,0.9,P0,107929,107911,107861,50,7689,34,107827,1bdab017c3cdc9207cb52bb19111e5c91298e8cc2badec3284d43fd98073216a,1,1.0,1609,134243,0.9899856938483548,226,607,7082,607,603891c4c93f32183a0759f46d405347c938adba4075832b3dcc6238571dbff1,34,107826,0.7589374851553042,0.6243822075782537,1.353430868245563,10792.0,107911.0,63220.0,7689.0,5228.0,5564.0,3788.0,3901.0,3788.0,3901.0
V1.2_STAGE2_FINAL,20260906T221530Z_db18dc51,BTC,gap_depth_extOFI,5000,0.9,P1,107929,107911,107861,50,7689,34,107827,1bdab017c3cdc9207cb52bb19111e5c91298e8cc2badec3284d43fd98073216a,1,1.0,1609,134243,0.9899856938483548,226,607,7082,607,eebe249c7d353b362b562ffe5d30e46d51acd229f909c93f7fa04dcbe5d43b84,46,107827,0.6478036661006815,0.6046128500823723,1.2073778064192533,10792.0,107911.0,63220.0,7689.0,5228.0,5564.0,3788.0,3901.0,3788.0,3901.0
V1.2_STAGE2_FINAL,20260906T221530Z_db18dc51,BTC,gap_depth_extOFI,30000,0.9,P0,107929,107911,107611,300,7661,34,107393,250acdfda2fa47853486d1569fd29cf532c7d046f453ffc697b4c1dafe904d27,1,1.0,1609,311930,0.9993473436888135,506,230,7431,230,989a0f0314c2c578c8199e52ba8b6794a76d9291204d565ad240e56ce96f9aac,34,107373,0.9880747525685772,0.5956521739130435,3.0903728701652557,10792.0,107911.0,63220.0,7661.0,5228.0,5564.0,3762.0,3899.0,3762.0,3899.0
V1.2_STAGE2_FINAL,20260906T221530Z_db18dc51,BTC,gap_depth_extOFI,30000,0.9,P1,107929,107911,107611,300,7661,34,107393,250acdfda2fa47853486d1569fd29cf532c7d046f453ffc697b4c1dafe904d27,1,1.0,1609,311930,0.9993473436888135,506,230,7431,230,0f72b7fb9a7d284651c8c6665edc33c362ef5ec0d0c929c02c200d45e4473769,271,107393,0.7070633237889167,0.5739130434782609,2.6264550026642124,10792.0,107911.0,63220.0,7661.0,5228.0,5564.0,3762.0,3899.0,3762.0,3899.0
V1.2_STAGE2_FINAL,20260906T221530Z_db18dc51,BTC,depth_imbalance_l1,1000,0.9,P0,107929,107911,107901,10,10789,14,107918,2225291e38eee0651b227d8d797b38bf44a8d92951ca6b8194c6509d917127ec,1,1.0,1074,57237,0.9620910186300862,160,2106,8683,2106,ce59a496f4b8fbbc23640de70f4b6f674b3db7c76bbb8db5a81d2cf06b1a005f,14,107914,0.4044624290254225,0.48717948717948717,0.4855047678306086,,,,,,,,,,
V1.2_STAGE2_FINAL,20260906T221530Z_db18dc51,BTC,depth_imbalance_l1,1000,0.9,P1,107929,107911,107901,10,10789,14,107918,2225291e38eee0651b227d8d797b38bf44a8d92951ca6b8194c6509d917127ec,1,1.0,1074,57237,0.9620910186300862,160,2106,8683,2106,2fe2ee0ba22d404bc036e4b596e985480f3f1643777c0b0f8b96df07fa6e011d,23,107918,0.3252219972117247,0.4586894586894587,0.4197275623926553,,,,,,,,,,
V1.2_STAGE2_FINAL,20260906T221530Z_db18dc51,BTC,depth_imbalance_l1,5000,0.9,P0,107929,107911,107861,50,10770,14,107853,631038e10991ab69b498246286939dc05efd3dff133cc4d8e664aba850ac3d3c,1,1.0,1074,165857,0.9888579387186629,219,969,9801,969,b4f30523b8c862671406c44dad042c039f17d2bdd913833e1a4f8c1f0c2ef7f7,14,107825,0.7172295724879536,0.673890608875129,1.1450110154112851,,,,,,,,,,
V1.2_STAGE2_FINAL,20260906T221530Z_db18dc51,BTC,depth_imbalance_l1,5000,0.9,P1,107929,107911,107861,50,10770,14,107853,631038e10991ab69b498246286939dc05efd3dff133cc4d8e664aba850ac3d3c,1,1.0,1074,165857,0.9888579387186629,219,969,9801,969,23ccb1c5db42bb30dd32985788fb10a282cd578303716ebcff2705ad63984f5b,33,107853,0.5258019095816867,0.6233230134158927,0.9724306090832457,,,,,,,,,,
V1.2_STAGE2_FINAL,20260906T221530Z_db18dc51,BTC,depth_imbalance_l1,30000,0.9,P0,107929,107911,107611,300,10750,14,107625,ef012d4924ff5a792d36f0e519dc4f0aa9e2b78b6dffd43d67927d38bd9a4ff9,1,1.0,1074,491177,0.9997209302325581,1749,294,10456,294,4647a9c6319777b41cbb11275df785c283d35f2fd44cc965c2569b6895feb354,14,107485,0.8554781969036819,0.6326530612244898,2.831906202461449,,,,,,,,,,
V1.2_STAGE2_FINAL,20260906T221530Z_db18dc51,BTC,depth_imbalance_l1,30000,0.9,P1,107929,107911,107611,300,10750,14,107625,ef012d4924ff5a792d36f0e519dc4f0aa9e2b78b6dffd43d67927d38bd9a4ff9,1,1.0,1074,491177,0.9997209302325581,1749,294,10456,294,cf59964a5200c8aa857cc1586496b4ac6ad352ff380ae687041ebe472a874377,207,107625,0.892305030005612,0.6360544217687075,2.578239532421777,,,,,,,,,,
V1.2_STAGE2_FINAL,20260906T221530Z_db18dc51,BTC,gap_depthL1,1000,0.9,P0,107929,107911,107901,10,8833,34,107827,4941f5a0dec325223c7feda2441d458a36d6d88aa861ced39365ef017d87bbab,1,1.0,1609,58877,0.9823389561870259,273,1304,7529,1304,f5a934bcbc0c69327ff296668f144a174de4f66d1315c7e8ed45420c4a6cff4d,34,107826,0.39294010308953087,0.38266871165644173,0.5148405460141147,,,,,,,,,,
V1.2_STAGE2_FINAL,20260906T221530Z_db18dc51,BTC,gap_depthL1,1000,0.9,P1,107929,107911,107901,10,8833,34,107827,4941f5a0dec325223c7feda2441d458a36d6d88aa861ced39365ef017d87bbab,1,1.0,1609,58877,0.9823389561870259,273,1304,7529,1304,93df47bb3906bc1c9edf3c01bbde14662e90858ca5ff8ecd2097f0f58dc9d08b,36,107827,0.3253674833210177,0.36503067484662577,0.4632289847737218,,,,,,,,,,
V1.2_STAGE2_FINAL,20260906T221530Z_db18dc51,BTC,gap_depthL1,5000,0.9,P0,107929,107911,107861,50,8833,34,107827,4941f5a0dec325223c7feda2441d458a36d6d88aa861ced39365ef017d87bbab,1,1.0,1609,178097,0.9910562662741991,273,590,8243,590,d060be6918fde7693e0c557dad436ceef3a5e86dceb39e791a958f3e25557d2f,34,107826,0.7207473836287802,0.6203389830508474,1.3089383893430473,,,,,,,,,,
V1.2_STAGE2_FINAL,20260906T221530Z_db18dc51,BTC,gap_depthL1,5000,0.9,P1,107929,107911,107861,50,8833,34,107827,4941f5a0dec325223c7feda2441d458a36d6d88aa861ced39365ef017d87bbab,1,1.0,1609,178097,0.9910562662741991,273,590,8243,590,6afe0b631d94559dcf75782f59229cc28127df0caceccad8237f6f4b05833fbd,46,107827,0.5415107410518053,0.5932203389830508,1.1935845061285502,,,,,,,,,,
V1.2_STAGE2_FINAL,20260906T221530Z_db18dc51,BTC,gap_depthL1,30000,0.9,P0,107929,107911,107611,300,8800,34,107393,458b027c711dd8ebddb4130daadb9f1c09e16a131a5a3ffeb2ee783b2acc2209,1,1.0,1609,408071,0.9995454545454545,515,226,8574,226,83c426ad3c35d251d1e40d843feb15e84808ba8c12bea2ceb647d2c4fcc88625,34,107373,0.8322056917043641,0.588495575221239,3.1243764996054004,,,,,,,,,,
V1.2_STAGE2_FINAL,20260906T221530Z_db18dc51,BTC,gap_depthL1,30000,0.9,P1,107929,107911,107611,300,8800,34,107393,458b027c711dd8ebddb4130daadb9f1c09e16a131a5a3ffeb2ee783b2acc2209,1,1.0,1609,408071,0.9995454545454545,515,226,8574,226,72ee05fcc54815419bf2d1c15911db9ff68a619cca5d573fd17df3399af7d4fd,271,107393,0.6856972102803022,0.5796460176991151,2.677320263490235,,,,,,,,,,
V1.2_STAGE2_FINAL,20260906T221530Z_db18dc51,BTC,gap_localOFI,1000,0.9,P0,107929,107911,107901,10,3467,34,107826,aa08971ebf615389f96195671f11e607575a825e23934aff255dae98685592c3,1,3.0,1827,6892,0.9388520334583214,33,1202,2265,1202,1984005886338988b79f0360c07c61c3d04d34a212d80baa10a42c996473ff35,34,107826,0.36899972560098443,0.3777038269550749,0.5148991313212421,,,,,,,,,,
V1.2_STAGE2_FINAL,20260906T221530Z_db18dc51,BTC,gap_localOFI,1000,0.9,P1,107929,107911,107901,10,3467,34,107826,aa08971ebf615389f96195671f11e607575a825e23934aff255dae98685592c3,1,3.0,1827,6892,0.9388520334583214,33,1202,2265,1202,2814d6a900ca54af541d1163d33ac8e2848359243119cba3f73237c6d8bf9cee,34,107826,0.34182268996017834,0.3735440931780366,0.4943861777848743,,,,,,,,,,
V1.2_STAGE2_FINAL,20260906T221530Z_db18dc51,BTC,gap_localOFI,5000,0.9,P0,107929,107911,107861,50,3467,34,107826,aa08971ebf615389f96195671f11e607575a825e23934aff255dae98685592c3,1,3.0,1827,20004,0.9757715604268821,69,587,2880,587,8d9d9f464dd998303af3fb03572fb478638674377706df6af709edc0af711f08,34,107826,0.6937560482156218,0.6098807495741057,1.3078841755988369,,,,,,,,,,
V1.2_STAGE2_FINAL,20260906T221530Z_db18dc51,BTC,gap_localOFI,5000,0.9,P1,107929,107911,107861,50,3467,34,107826,aa08971ebf615389f96195671f11e607575a825e23934aff255dae98685592c3,1,3.0,1827,20004,0.9757715604268821,69,587,2880,587,6d4cee8ca0c220d7fcfd99de4fc0ef27e88b0ab28bed10d6b6cfa158e72f3cad,45,107826,0.5614468865118828,0.5928449744463373,1.210049337174918,,,,,,,,,,
V1.2_STAGE2_FINAL,20260906T221530Z_db18dc51,BTC,gap_localOFI,30000,0.9,P0,107929,107911,107611,300,3450,34,107393,ad19485df62417b450a7b3132963e8aa21dd19ef659f58db402b33892c7f282b,1,3.0,1827,54090,0.9985507246376811,252,225,3225,225,587c5944ba44c37cf12a365624b3c96768db67b472d795342bfa125c4e3f5e68,34,107373,0.9440638162504993,0.6088888888888889,3.1448459323276134,,,,,,,,,,
V1.2_STAGE2_FINAL,20260906T221530Z_db18dc51,BTC,gap_localOFI,30000,0.9,P1,107929,107911,107611,300,3450,34,107393,ad19485df62417b450a7b3132963e8aa21dd19ef659f58db402b33892c7f282b,1,3.0,1827,54090,0.9985507246376811,252,225,3225,225,a0b80892e8248200b0d986cf97c8d1957bfa61724a894a5bb35fa4a2a642a32a,270,107393,0.668711105473514,0.5511111111111111,2.6766898329097675,,,,,,,,,,
V1.2_STAGE2_FINAL,20260906T221530Z_db18dc51,ETH,bitget_ofi,1000,0.9,P0,107929,107900,107890,10,10788,15,107917,9649f39e8b225cfb1e67841122a69fee28c62d29a2ba2d6137d2445e7b77614d,1,4.0,208,16233,0.8946051167964405,108,4566,6222,4566,a5e51d4814aa2fcf0acaccb86a4bba2ce232192ba301badb7f84ab84faa02375,15,107912,0.22097677459148893,0.4102058694699956,0.5292221034297404,,,,,,,,,,
V1.2_STAGE2_FINAL,20260906T221530Z_db18dc51,ETH,bitget_ofi,1000,0.9,P1,107929,107900,107890,10,10788,15,107917,9649f39e8b225cfb1e67841122a69fee28c62d29a2ba2d6137d2445e7b77614d,1,4.0,208,16233,0.8946051167964405,108,4566,6222,4566,9989e2b9520ca6c40732dd2f47a9e193ba08e465c9c97122a10ea3f448acfe93,23,107917,0.09958602148859912,0.23236968900569427,0.30988899537864023,,,,,,,,,,
V1.2_STAGE2_FINAL,20260906T221530Z_db18dc51,ETH,bitget_ofi,5000,0.9,P0,107929,107900,107850,50,10784,15,107829,899bb5e464c6fa5e8b577900c9c002d7f59c0adf82ef282c4e12742e592cadc8,1,4.0,208,71704,0.9973108308605341,751,1639,9145,1639,dbc194883a1e50cf758b2a2cbc689ea04dd3e07ecb8f2c6b298c8ca7c3d357cb,15,107780,0.3552786123419178,0.5332519829164124,1.348351208266056,,,,,,,,,,
V1.2_STAGE2_FINAL,20260906T221530Z_db18dc51,ETH,bitget_ofi,5000,0.9,P1,107929,107900,107850,50,10784,15,107829,899bb5e464c6fa5e8b577900c9c002d7f59c0adf82ef282c4e12742e592cadc8,1,4.0,208,71704,0.9973108308605341,751,1639,9145,1639,9e74ebfc57df66e0d249640de5d9ae019b71a9fe4dfdaf2f815d28e8170ac579,62,107829,0.0872111215471238,0.43502135448444174,1.126720439047885,,,,,,,,,,
V1.2_STAGE2_FINAL,20260906T221530Z_db18dc51,ETH,bitget_ofi,30000,0.9,P0,107929,107900,107600,300,10756,15,107625,87f6ca5e2c677247338009cbf94b019b9e8e16f0beec928075b1957e7c6bd5e0,1,4.0,208,393012,1.0,10756,339,10417,339,cd5c24f6d74be3e63b41907025e27a635efa11f56d788129758b04f42a6af27b,15,107338,0.23858592276663038,0.5103244837758112,3.6205327118087838,,,,,,,,,,
V1.2_STAGE2_FINAL,20260906T221530Z_db18dc51,ETH,bitget_ofi,30000,0.9,P1,107929,107900,107600,300,10756,15,107625,87f6ca5e2c677247338009cbf94b019b9e8e16f0beec928075b1957e7c6bd5e0,1,4.0,208,393012,1.0,10756,339,10417,339,ce9f3a9c218cf4fa5c787691dcbb0cee1aa1f0a08848baec209433645e35f199,123,107625,-0.24677209233106634,0.4631268436578171,3.672209163060593,,,,,,,,,,
V1.2_STAGE2_FINAL,20260906T221530Z_db18dc51,ETH,depthL1_extOFI,1000,0.9,P0,107929,107900,107890,10,10788,13,107912,3c7fb10923736f227832c28ecf511c6451b1dec5e79d22f78519ae21e286b4aa,1,4.0,239,17897,0.9074898034853541,41,4287,6501,4287,b0b400b85ac0cf28f8f1e1695251ab2eaa57c6a0df76311b48f48ce665764f62,13,107912,0.35890827120282137,0.4800559832050385,0.569227552335488,,,,,,,,,,
V1.2_STAGE2_FINAL,20260906T221530Z_db18dc51,ETH,depthL1_extOFI,1000,0.9,P1,107929,107900,107890,10,10788,13,107912,3c7fb10923736f227832c28ecf511c6451b1dec5e79d22f78519ae21e286b4aa,1,4.0,239,17897,0.9074898034853541,41,4287,6501,4287,1db8b7b32bf819daa8bd9e5d4d08ae10bae270f1506a581070968f22ed0cb87d,13,107912,0.23892615703754622,0.38115232097037555,0.4197319745802806,,,,,,,,,,
V1.2_STAGE2_FINAL,20260906T221530Z_db18dc51,ETH,depthL1_extOFI,5000,0.9,P0,107929,107900,107850,50,10782,13,107853,2bb12ad4bc89ced659b066aceff687bbec37eeab26e87db9b0fb81be5b1e8e82,1,4.0,239,71276,0.996011871637915,401,1576,9206,1576,5081b65c32d6c6676a8e19c2feaf4b35cb6fe10686a181917686c7fb413d5852,13,107833,0.6127763355354141,0.6148477157360406,1.3783274546892947,,,,,,,,,,
V1.2_STAGE2_FINAL,20260906T221530Z_db18dc51,ETH,depthL1_extOFI,5000,0.9,P1,107929,107900,107850,50,10782,13,107853,2bb12ad4bc89ced659b066aceff687bbec37eeab26e87db9b0fb81be5b1e8e82,1,4.0,239,71276,0.996011871637915,401,1576,9206,1576,d4041d683e311e9990750d96254beff9f77ff60a2f65f3dbeb9fa74b4a5a9eda,13,107853,0.333878051260876,0.5329949238578681,1.1989417111141079,,,,,,,,,,
V1.2_STAGE2_FINAL,20260906T221530Z_db18dc51,ETH,depthL1_extOFI,30000,0.9,P0,107929,107900,107600,300,10751,13,107625,f372444b57746ea6ad75266e40242d101387dda02283f4034d25cc7f2a924712,1,4.0,239,376926,1.0,10751,338,10413,338,34d6677df7ffe689b930e70ede330f0a8bfd1f932dfcbb2b96bfdbbc555210b3,13,107485,0.4604236353791516,0.5532544378698225,3.567845536433885,,,,,,,,,,
V1.2_STAGE2_FINAL,20260906T221530Z_db18dc51,ETH,depthL1_extOFI,30000,0.9,P1,107929,107900,107600,300,10751,13,107625,f372444b57746ea6ad75266e40242d101387dda02283f4034d25cc7f2a924712,1,4.0,239,376926,1.0,10751,338,10413,338,7453b21dcc73661248309177c3f10d671efa327efa8d443cc90bf68753d54efa,92,107625,0.016046199008257732,0.514792899408284,3.4276063034579907,,,,,,,,,,
V1.2_STAGE2_FINAL,20260906T221530Z_db18dc51,ETH,gap_depth_extOFI,1000,0.9,P0,107929,107900,107890,10,6885,53,107768,7f4cf17d961dc05bd416416258e7a566864cb098bbfb531474ffa2ae417217d3,1,1.0,1145,34042,0.9600580973129993,125,1418,5467,1418,c56ab7de99cbad34a2c47c17e1bdab3a6ec654a81d1c3d2faa12e9f25f284bb6,53,107768,0.4977534242101959,0.4287729196050776,0.7154363821950633,10790.0,107900.0,58087.0,6885.0,5445.0,5345.0,3483.0,3402.0,3483.0,3402.0
V1.2_STAGE2_FINAL,20260906T221530Z_db18dc51,ETH,gap_depth_extOFI,1000,0.9,P1,107929,107900,107890,10,6885,53,107768,7f4cf17d961dc05bd416416258e7a566864cb098bbfb531474ffa2ae417217d3,1,1.0,1145,34042,0.9600580973129993,125,1418,5467,1418,2c26424ae22d3693e36924af9ee5ab5cb96feb592ca1f69401381f27ac9aff42,62,107768,0.4185486844311665,0.4104372355430183,0.7037514751248838,10790.0,107900.0,58087.0,6885.0,5445.0,5345.0,3483.0,3402.0,3483.0,3402.0
V1.2_STAGE2_FINAL,20260906T221530Z_db18dc51,ETH,gap_depth_extOFI,5000,0.9,P0,107929,107900,107850,50,6885,53,107768,7f4cf17d961dc05bd416416258e7a566864cb098bbfb531474ffa2ae417217d3,1,1.0,1145,97534,0.9824255628177196,263,671,6214,671,afd19aa932adf1bf069fbd0b1ba49f341eed7d2f76e48f78108b3d2c7428227e,53,107768,0.7364683709277264,0.6020864381520119,1.693215782019869,10790.0,107900.0,58087.0,6885.0,5445.0,5345.0,3483.0,3402.0,3483.0,3402.0
V1.2_STAGE2_FINAL,20260906T221530Z_db18dc51,ETH,gap_depth_extOFI,5000,0.9,P1,107929,107900,107850,50,6885,53,107768,7f4cf17d961dc05bd416416258e7a566864cb098bbfb531474ffa2ae417217d3,1,1.0,1145,97534,0.9824255628177196,263,671,6214,671,e474a254940164bdc03bda6c2a9252a138493ee71834ae4d753dd1b416c5ef04,96,107768,0.6236314146779318,0.5722801788375559,1.5453299133564447,10790.0,107900.0,58087.0,6885.0,5445.0,5345.0,3483.0,3402.0,3483.0,3402.0
V1.2_STAGE2_FINAL,20260906T221530Z_db18dc51,ETH,gap_depth_extOFI,30000,0.9,P0,107929,107900,107600,300,6883,53,107628,77078ff507d0ed040fbf81e11dac5584a19fbe6de6b93af665f6681b5abc8934,1,1.0,1145,250418,0.9992735725701003,829,246,6637,246,9478fc35d10b3bb9d6ecde9fc968b81038a61e22973aabf660ebde87a7525a43,53,107378,0.61988152400777,0.5487804878048781,3.553934284670023,10790.0,107900.0,58087.0,6883.0,5445.0,5345.0,3482.0,3401.0,3482.0,3401.0
V1.2_STAGE2_FINAL,20260906T221530Z_db18dc51,ETH,gap_depth_extOFI,30000,0.9,P1,107929,107900,107600,300,6883,53,107628,77078ff507d0ed040fbf81e11dac5584a19fbe6de6b93af665f6681b5abc8934,1,1.0,1145,250418,0.9992735725701003,829,246,6637,246,2caea68b0304f1a21440399f9a689a112d469bb0a69373255ef67cbd39fb9ebb,146,107628,0.09564949591803941,0.491869918699187,3.409653450197901,10790.0,107900.0,58087.0,6883.0,5445.0,5345.0,3482.0,3401.0,3482.0,3401.0
V1.2_STAGE2_FINAL,20260906T221530Z_db18dc51,ETH,depth_imbalance_l1,1000,0.9,P0,107929,107900,107890,10,10790,14,107894,2a2fc852013c9fa77d8f8e3608def204ac8d8e027e82c2f80d9e919638940b35,1,1.0,998,49127,0.9432808155699722,194,2508,8282,2508,13fec6be4a36bdd52b64b60875ed72b0bf5fe5dc5a2242f7f5e7666ccdf55eb2,14,107894,0.461028670380575,0.534688995215311,0.6373118133024457,,,,,,,,,,
V1.2_STAGE2_FINAL,20260906T221530Z_db18dc51,ETH,depth_imbalance_l1,1000,0.9,P1,107929,107900,107890,10,10790,14,107894,2a2fc852013c9fa77d8f8e3608def204ac8d8e027e82c2f80d9e919638940b35,1,1.0,998,49127,0.9432808155699722,194,2508,8282,2508,9ce54f66268ca50deadd25f7af2f49180a992f6ad1794c66ac56d66b6cc5ddbf,14,107894,0.3878648607152484,0.5007974481658692,0.5811522527851112,,,,,,,,,,
V1.2_STAGE2_FINAL,20260906T221530Z_db18dc51,ETH,depth_imbalance_l1,5000,0.9,P0,107929,107900,107850,50,10785,14,107802,5a5217a3613863882daf2945de6af03b7171442977df4bdd11f9f97b5b08b9f7,1,1.0,998,140501,0.9893370421882244,390,1134,9651,1134,3084b51dd527bbe877fa0d90f380ab093743a21ee9b3734254dc1fef3c019501,14,107801,0.671139545438819,0.6428571428571429,1.509598996011618,,,,,,,,,,
V1.2_STAGE2_FINAL,20260906T221530Z_db18dc51,ETH,depth_imbalance_l1,5000,0.9,P1,107929,107900,107850,50,10785,14,107802,5a5217a3613863882daf2945de6af03b7171442977df4bdd11f9f97b5b08b9f7,1,1.0,998,140501,0.9893370421882244,390,1134,9651,1134,2d9b0b2c6ae2fe94d2a495e64b8b9dd3c27f4a3dcaedf0a54c2a9de0db3d40bf,14,107802,0.49947183691827474,0.6049382716049383,1.3290796715824602,,,,,,,,,,
V1.2_STAGE2_FINAL,20260906T221530Z_db18dc51,ETH,depth_imbalance_l1,30000,0.9,P0,107929,107900,107600,300,10777,14,107625,f2068509b49b1cc597e3a0ff27dae305f0c91831f21b8a4163b1e58e35a989f8,1,1.0,998,473718,0.9999072097986452,4611,311,10466,311,86129c2cab704cbff82411dd8b55f3d7730dc89cd2c03ccd19e4ef7a79fb2861,14,107436,0.8364962322519742,0.5916398713826366,3.5046857299029575,,,,,,,,,,
V1.2_STAGE2_FINAL,20260906T221530Z_db18dc51,ETH,depth_imbalance_l1,30000,0.9,P1,107929,107900,107600,300,10777,14,107625,f2068509b49b1cc597e3a0ff27dae305f0c91831f21b8a4163b1e58e35a989f8,1,1.0,998,473718,0.9999072097986452,4611,311,10466,311,6746f6d0ee0eadf39df4a1b8258329a745c9a0c451e1bc973b0ba55c133052d4,122,107625,0.5157198415236938,0.5659163987138264,3.41634640625581,,,,,,,,,,
V1.2_STAGE2_FINAL,20260906T221530Z_db18dc51,ETH,gap_depthL1,1000,0.9,P0,107929,107900,107890,10,7774,62,107769,6be18251cb7728fb598137e37d7dbc389979022a0a7468a747739b96b0d749af,1,1.0,1145,45690,0.9671983534859789,225,1349,6425,1349,85c8d819ee26dc086eba264de62d494907c641dd543e84cc9b5e029454ccca1f,62,107766,0.4634596641403682,0.44551519644180876,0.6919824591086126,,,,,,,,,,
V1.2_STAGE2_FINAL,20260906T221530Z_db18dc51,ETH,gap_depthL1,1000,0.9,P1,107929,107900,107890,10,7774,62,107769,6be18251cb7728fb598137e37d7dbc389979022a0a7468a747739b96b0d749af,1,1.0,1145,45690,0.9671983534859789,225,1349,6425,1349,2dd119bf405bd684acd2869521c2dabe042eaec13f47eb8e12e92d54a6b876bf,62,107769,0.3839331167943629,0.4314306893995552,0.6689238385225762,,,,,,,,,,
V1.2_STAGE2_FINAL,20260906T221530Z_db18dc51,ETH,gap_depthL1,5000,0.9,P0,107929,107900,107850,50,7774,62,107769,6be18251cb7728fb598137e37d7dbc389979022a0a7468a747739b96b0d749af,1,1.0,1145,124644,0.985207100591716,252,666,7108,666,ec026f60191a0e9891fc18c03a0842d6ad8a65ed0ce1e0d8affe3f7cc2b1f0e2,62,107766,0.6924222643113687,0.6081081081081081,1.632036483626596,,,,,,,,,,
V1.2_STAGE2_FINAL,20260906T221530Z_db18dc51,ETH,gap_depthL1,5000,0.9,P1,107929,107900,107850,50,7774,62,107769,6be18251cb7728fb598137e37d7dbc389979022a0a7468a747739b96b0d749af,1,1.0,1145,124644,0.985207100591716,252,666,7108,666,0a254cc4a1f39fb90bc090928fb41d31b0f2314deec0e5d28e792639805fc31c,96,107769,0.6242984162921901,0.6006006006006006,1.5021038788040328,,,,,,,,,,
V1.2_STAGE2_FINAL,20260906T221530Z_db18dc51,ETH,gap_depthL1,30000,0.9,P0,107929,107900,107600,300,7769,62,107628,518b9bc3a69265199af6ceacf9ce4257a3d9e90a13c279bb9360c88eee51abc0,1,1.0,1145,318833,0.9994851332217789,1016,251,7518,251,8645c944de61cc16e2d8daa0eaec233d57b37d7b3d31c251f0529952175db5c8,62,107378,0.42302331693521233,0.5099601593625498,3.718921584151949,,,,,,,,,,
V1.2_STAGE2_FINAL,20260906T221530Z_db18dc51,ETH,gap_depthL1,30000,0.9,P1,107929,107900,107600,300,7769,62,107628,518b9bc3a69265199af6ceacf9ce4257a3d9e90a13c279bb9360c88eee51abc0,1,1.0,1145,318833,0.9994851332217789,1016,251,7518,251,6ba5c5930f199cfe675f0d74e3932f8f3f0537dd8d7631ee69b3fee99345d14c,146,107628,0.4031952638204409,0.5059760956175299,3.358207532183276,,,,,,,,,,
V1.2_STAGE2_FINAL,20260906T221530Z_db18dc51,ETH,gap_localOFI,1000,0.9,P0,107929,107900,107890,10,3045,48,107769,80085240ebac046b2beb63187f3bc49a115e91588278c2e973b4015180680654,1,3.0,1145,5029,0.8853858784893268,48,1241,1804,1241,08de3b9132cffcbf531936eb9a9a6e871b42e5f5b007694573037b2122443f01,48,107767,0.47324917466902544,0.42224012892828366,0.704984956541793,,,,,,,,,,
V1.2_STAGE2_FINAL,20260906T221530Z_db18dc51,ETH,gap_localOFI,1000,0.9,P1,107929,107900,107890,10,3045,48,107769,80085240ebac046b2beb63187f3bc49a115e91588278c2e973b4015180680654,1,3.0,1145,5029,0.8853858784893268,48,1241,1804,1241,eac067cd74bea743f09dcb1d1864706795921bed260e17bf543a3359dd96ddfb,57,107769,0.4090740987364515,0.41821112006446415,0.7027728422324507,,,,,,,,,,
V1.2_STAGE2_FINAL,20260906T221530Z_db18dc51,ETH,gap_localOFI,5000,0.9,P0,107929,107900,107850,50,3045,48,107769,80085240ebac046b2beb63187f3bc49a115e91588278c2e973b4015180680654,1,3.0,1145,15290,0.9563218390804598,130,653,2392,653,3279f4cdb6da73bd26e687ee280a03c6623ac3c3c88e4998864447b33f230b34,48,107767,0.6546836897833395,0.5834609494640123,1.6539008760038334,,,,,,,,,,
V1.2_STAGE2_FINAL,20260906T221530Z_db18dc51,ETH,gap_localOFI,5000,0.9,P1,107929,107900,107850,50,3045,48,107769,80085240ebac046b2beb63187f3bc49a115e91588278c2e973b4015180680654,1,3.0,1145,15290,0.9563218390804598,130,653,2392,653,a270815cd4156048a3f8ad3962d9c115ac347de32093e069793605263ece8fad,82,107769,0.5977682952528186,0.5788667687595712,1.4887437086791442,,,,,,,,,,
V1.2_STAGE2_FINAL,20260906T221530Z_db18dc51,ETH,gap_localOFI,30000,0.9,P0,107929,107900,107600,300,3043,48,107627,ce07e933bacbccd3c53857de534203354d2d7c60c4332b02cc2efdd520826b2e,1,3.0,1145,52466,0.9970423923759448,438,245,2798,245,530e541b72d340589ba8acf8999ce90af6073cd637f6ccfdc8aaea6859e7c68d,48,107378,0.8311538227686962,0.5755102040816327,3.673613372689318,,,,,,,,,,
V1.2_STAGE2_FINAL,20260906T221530Z_db18dc51,ETH,gap_localOFI,30000,0.9,P1,107929,107900,107600,300,3043,48,107627,ce07e933bacbccd3c53857de534203354d2d7c60c4332b02cc2efdd520826b2e,1,3.0,1145,52466,0.9970423923759448,438,245,2798,245,81bf72d726d1bd86648b56be8fed140e8443702d464a2d4b75576c254530b473,145,107627,0.10681694901032043,0.49387755102040815,3.402541229482813,,,,,,,,,,
