source_file,file_kind,total_rows,total_instances,matched,failed,pending,skipped_aggregate_scope
CP24/composite_aggregates_24h.csv,AGGREGATE,450,450,0,0,450,0
CP24/composite_q80_q90_q95_block_level_24h.csv,BLOCK_LEVEL,2100,2100,0,0,2100,0
CP24/fair_gap_dispersion_aggregates_24h.csv,AGGREGATE,27,27,0,0,27,0
CP24/fair_gap_dispersion_block_level_24h.csv,BLOCK_LEVEL,126,126,0,0,126,0
CP24/session_audit_24h.csv,METADATA_ONLY,7,0,0,0,0,0
CP24/simple_aggregates_24h.csv,AGGREGATE,864,864,0,0,864,0
CP24/simple_q80_q90_q95_block_level_24h.csv,BLOCK_LEVEL,4032,4032,0,0,4032,0
CP24/weekend_vs_weekday_selected_30s.csv,AGGREGATE,11,33,0,0,33,0
CP36/composite_block_level_new12.csv,BLOCK_LEVEL,1200,1200,0,0,1200,0
CP36/composite_horizon_profile_all36_q90.csv,AGGREGATE,25,25,0,0,25,0
CP36/composite_horizon_profile_new12_q90.csv,AGGREGATE,25,25,0,0,25,0
CP36/composite_sensitivity_all36_30s.csv,AGGREGATE,15,15,0,0,15,0
CP36/composite_sensitivity_new12_30s.csv,AGGREGATE,15,15,0,0,15,0
CP36/fair_gap_dispersion_all36.csv,AGGREGATE,9,9,0,0,9,0
CP36/fair_gap_dispersion_block_level_new12.csv,BLOCK_LEVEL,72,72,0,0,72,0
CP36/fair_gap_dispersion_new12.csv,AGGREGATE,9,9,0,0,9,0
CP36/selected_q90_30s_comparison_24h_new12_all36.csv,AGGREGATE,11,33,0,0,33,0
CP36/session_audit_36h.csv,METADATA_ONLY,11,0,0,0,0,0
CP36/session_audit_new12.csv,METADATA_ONLY,4,0,0,0,0,0
CP36/simple_block_level_new12.csv,BLOCK_LEVEL,2304,2304,0,0,2304,0
CP36/simple_horizon_profile_all36_q90.csv,AGGREGATE,48,48,0,0,48,0
CP36/simple_horizon_profile_new12_q90.csv,AGGREGATE,48,48,0,0,48,0
CP36/simple_sensitivity_all36_30s.csv,AGGREGATE,18,18,0,0,18,0
CP36/simple_sensitivity_new12_30s.csv,AGGREGATE,18,18,0,0,18,0
