feature,horizon_ms,blocks,positive_blocks,positive_share,min_block,max_block,N,mean_signed_bps,avg_hit_rate,period,q
depthBoth,1000,6,6,1.0,0.06776401885818634,0.21359369902801584,20053,0.12177437869083244,0.1884506058943799,WEEKEND12,0.8
depthBoth,2000,6,6,1.0,0.11548417509923253,0.28840391337377935,12183,0.19549608976749688,0.2928671099072478,WEEKEND12,0.8
depthBoth,5000,6,6,1.0,0.22258125564280618,0.4034031650888462,6688,0.3160151838569358,0.4470693779904306,WEEKEND12,0.8
depthBoth,10000,6,6,1.0,0.3206002039149609,0.5081467894506487,4303,0.4023746026506103,0.5331164303973972,WEEKEND12,0.8
depthBoth,30000,6,6,1.0,0.09671889102901263,0.7210795836292335,1999,0.42340969655570304,0.5907953976988495,WEEKEND12,0.8
depthL1_extOFI,1000,6,6,1.0,0.07070213747794572,0.22421435579567917,19538,0.13159868020106902,0.20273313542839594,WEEKEND12,0.8
depthL1_extOFI,2000,6,6,1.0,0.11937717693241685,0.323410786458,12233,0.2094413251896159,0.30687484672606885,WEEKEND12,0.8
depthL1_extOFI,5000,6,6,1.0,0.2291427360946906,0.4865526492534036,6803,0.34321981064755375,0.4595031603704248,WEEKEND12,0.8
depthL1_extOFI,10000,6,6,1.0,0.344484077137161,0.528455901155556,4365,0.42495806372859135,0.53631156930126,WEEKEND12,0.8
depthL1_extOFI,30000,6,6,1.0,0.34618094495222596,0.6802815837397788,2031,0.4916993315300212,0.5913343180699163,WEEKEND12,0.8
gap_depthBoth,1000,6,6,1.0,0.060954864358767805,0.2200360166226119,13869,0.11321991165192333,0.1416828898983344,WEEKEND12,0.8
gap_depthBoth,2000,6,6,1.0,0.10772370504471289,0.30825957194877984,7967,0.1875419532380411,0.2330864817371658,WEEKEND12,0.8
gap_depthBoth,5000,6,6,1.0,0.22606021145151817,0.3721539124458861,4184,0.30305929315908975,0.38647227533460804,WEEKEND12,0.8
gap_depthBoth,10000,6,6,1.0,0.31932086470224813,0.49113615776315867,2718,0.41052275492389007,0.4867549668874172,WEEKEND12,0.8
gap_depthBoth,30000,6,6,1.0,0.4310020348001741,0.5872486435412714,1426,0.5070422205545478,0.5771388499298737,WEEKEND12,0.8
gap_depthL1,1000,6,6,1.0,0.05975229986155353,0.20958719197605416,14767,0.10888604205078606,0.13868761427507278,WEEKEND12,0.8
gap_depthL1,2000,6,6,1.0,0.10238129036129309,0.2974676365019891,8420,0.18077021818355765,0.22909738717339667,WEEKEND12,0.8
gap_depthL1,5000,6,6,1.0,0.21756257746210286,0.3480151221946558,4363,0.2872288722786184,0.38207655283062114,WEEKEND12,0.8
gap_depthL1,10000,6,6,1.0,0.3174194103750853,0.5403682674555285,2808,0.43596556474601006,0.48682336182336183,WEEKEND12,0.8
gap_depthL1,30000,6,6,1.0,0.42667397469991536,0.5563519765138164,1453,0.5057512120041131,0.5719201651754989,WEEKEND12,0.8
gap_depth_extOFI,1000,6,6,1.0,0.06269703068005056,0.22689852947630967,13205,0.11639778378310302,0.14335478985232866,WEEKEND12,0.8
gap_depth_extOFI,2000,6,6,1.0,0.1129050700339263,0.3336593200201371,7843,0.19488690089785904,0.23460410557184752,WEEKEND12,0.8
gap_depth_extOFI,5000,6,6,1.0,0.2243862242768488,0.37960972087898665,4184,0.30735396890655864,0.3862332695984704,WEEKEND12,0.8
gap_depth_extOFI,10000,6,6,1.0,0.3426303283806513,0.5772138529434365,2734,0.4522214701536306,0.48975859546452083,WEEKEND12,0.8
gap_depth_extOFI,30000,6,6,1.0,0.3646243639178709,0.6225367965531607,1431,0.511275575083732,0.5758211041229909,WEEKEND12,0.8
gap_extOFI,1000,6,6,1.0,0.0531874224360914,0.1883238913349164,16601,0.09770587930838757,0.12095656888139268,WEEKEND12,0.8
gap_extOFI,2000,6,6,1.0,0.09453238460398292,0.2658279572216838,9727,0.1603949351732851,0.20201500976662898,WEEKEND12,0.8
gap_extOFI,5000,6,6,1.0,0.17361141027429813,0.37085946800165515,5019,0.26009713514934607,0.33871289101414626,WEEKEND12,0.8
gap_extOFI,10000,6,6,1.0,0.30233839768041454,0.48980960758063397,3187,0.38218889352411384,0.4443049890178852,WEEKEND12,0.8
gap_extOFI,30000,6,6,1.0,0.29832020399584575,0.5154011171143998,1574,0.44606329478776097,0.5438373570520966,WEEKEND12,0.8
gap_leader1000,1000,6,6,1.0,0.1677901836483705,0.26875215184772105,6015,0.20671599999364196,0.22593516209476308,WEEKEND12,0.8
gap_leader1000,2000,6,6,1.0,0.18180177518558707,0.3375697154701402,5119,0.24436232790644216,0.28599335807774956,WEEKEND12,0.8
gap_leader1000,5000,6,6,1.0,0.2424565006443921,0.34987811819797376,3826,0.27836291215937775,0.3836905384213278,WEEKEND12,0.8
gap_leader1000,10000,6,6,1.0,0.26941321918638234,0.4126924614113995,2817,0.36011387175262366,0.4653887113951012,WEEKEND12,0.8
gap_leader1000,30000,6,6,1.0,0.2912102084740677,0.5188258521335356,1538,0.42333080782826804,0.5435630689206762,WEEKEND12,0.8
gap_localOFI,1000,6,6,1.0,0.0540457587639369,0.1994465558507763,12483,0.10683737697913064,0.13370183449491307,WEEKEND12,0.8
gap_localOFI,2000,6,6,1.0,0.07944734867915124,0.2907622929650986,8234,0.15916928028319396,0.20633956764634442,WEEKEND12,0.8
gap_localOFI,5000,6,6,1.0,0.14707229521682544,0.2864345079412013,4649,0.22306425429170923,0.33448053344805334,WEEKEND12,0.8
gap_localOFI,10000,6,6,1.0,0.22780970349141128,0.4405789410517965,3035,0.3526005358314449,0.4401976935749588,WEEKEND12,0.8
gap_localOFI,30000,6,6,1.0,0.2366186029670271,0.5694444618089345,1529,0.40856647920428396,0.5376062786134729,WEEKEND12,0.8
gap_localTrade,1000,6,6,1.0,0.15304923015898614,0.3876647452552832,4066,0.25431269893591896,0.22848007870142648,WEEKEND12,0.8
gap_localTrade,2000,6,6,1.0,0.1893250471184641,0.45129843069536274,3456,0.302548751310984,0.3003472222222222,WEEKEND12,0.8
gap_localTrade,5000,6,6,1.0,0.27472149278790803,0.5303452642880273,2566,0.4068746477685817,0.4123148869836321,WEEKEND12,0.8
gap_localTrade,10000,6,6,1.0,0.3688781063276673,0.6743820743887399,1962,0.5224911456460499,0.5025484199796126,WEEKEND12,0.8
gap_localTrade,30000,6,6,1.0,0.3641399162588113,0.7720714685991857,1170,0.5780595532637648,0.5658119658119658,WEEKEND12,0.8
leader1000_extOFI,1000,6,6,1.0,0.046132639307941294,0.1595665348439803,19736,0.08201450014875813,0.13518443453587353,WEEKEND12,0.8
leader1000_extOFI,2000,6,6,1.0,0.05651620674939966,0.1640040311813016,13774,0.1053356162339591,0.1938434732103964,WEEKEND12,0.8
leader1000_extOFI,5000,6,6,1.0,0.10357498036941926,0.1969519933912114,8425,0.1496742227324431,0.2924629080118694,WEEKEND12,0.8
leader1000_extOFI,10000,6,6,1.0,0.13726970023256685,0.2588536016318148,5340,0.20074467492457393,0.36329588014981273,WEEKEND12,0.8
leader1000_extOFI,30000,6,6,1.0,0.053135567264711504,0.7014917831707242,2278,0.25975922747139424,0.45171202809482003,WEEKEND12,0.8
depthBoth,1000,8,8,1.0,0.18496893883832408,0.3810442434656101,26255,0.30065595055944205,0.3885736050276138,WEEKDAY12,0.8
depthBoth,2000,8,8,1.0,0.2872722323796458,0.4685267764447707,17271,0.3880316367902985,0.49713392391870764,WEEKDAY12,0.8
depthBoth,5000,8,8,1.0,0.4118568592231812,0.6136429144466357,9821,0.5042351693637676,0.5768251705528968,WEEKDAY12,0.8
depthBoth,10000,8,8,1.0,0.3991346206114266,0.7887453861646626,6025,0.600249371689823,0.5980082987551867,WEEKDAY12,0.8
depthBoth,30000,8,8,1.0,0.3464285158535711,0.8345380750214525,2468,0.5223311064802525,0.5794165316045381,WEEKDAY12,0.8
depthL1_extOFI,1000,8,8,1.0,0.1893954798270393,0.40432200495148773,25890,0.31510510974789174,0.4069138663576671,WEEKDAY12,0.8
depthL1_extOFI,2000,8,8,1.0,0.28951502543937546,0.47593037564650786,17449,0.4053086951483359,0.5098859533497622,WEEKDAY12,0.8
depthL1_extOFI,5000,8,8,1.0,0.4215780622683676,0.6386694636862378,9953,0.5171534523821895,0.5844469004320305,WEEKDAY12,0.8
depthL1_extOFI,10000,8,8,1.0,0.4232192744766926,0.7294774875492988,6094,0.5732576797010807,0.6042008532983262,WEEKDAY12,0.8
depthL1_extOFI,30000,8,8,1.0,0.24588182335815192,0.7629665492964554,2485,0.5595535523389293,0.572635814889336,WEEKDAY12,0.8
gap_depthBoth,1000,8,8,1.0,0.13564886191352607,0.3650903197133204,17507,0.2596233681240151,0.304506768721083,WEEKDAY12,0.8
gap_depthBoth,2000,8,8,1.0,0.22204391923016772,0.4727646358444067,11166,0.3657895104636459,0.42710012538061976,WEEKDAY12,0.8
gap_depthBoth,5000,8,8,1.0,0.38234895577594064,0.621149086886075,6586,0.5033369765055697,0.5438809596112967,WEEKDAY12,0.8
gap_depthBoth,10000,8,8,1.0,0.44109116247001356,0.8054203256881695,4405,0.6128368378959358,0.5931895573212259,WEEKDAY12,0.8
gap_depthBoth,30000,8,8,1.0,0.2526485370133348,0.6983198594728198,2075,0.5165189090566218,0.5672289156626507,WEEKDAY12,0.8
gap_depthL1,1000,8,8,1.0,0.13282130144450663,0.34398464493699055,18417,0.2530364815484107,0.3030895368409622,WEEKDAY12,0.8
gap_depthL1,2000,8,8,1.0,0.21865332944548585,0.4449978876024891,11682,0.35644969697080253,0.4227871939736347,WEEKDAY12,0.8
gap_depthL1,5000,8,8,1.0,0.3712969062735974,0.581884020889194,6819,0.48590042464849165,0.5415750109986801,WEEKDAY12,0.8
gap_depthL1,10000,8,8,1.0,0.41518960993437337,0.8102656447849329,4529,0.5945549631639918,0.5860013247957606,WEEKDAY12,0.8
gap_depthL1,30000,8,8,1.0,0.12595995388798972,0.92514944257694,2101,0.4901323259371121,0.5678248453117563,WEEKDAY12,0.8
gap_depth_extOFI,1000,8,8,1.0,0.15315534909563833,0.4084889981978064,15959,0.2917574665248693,0.31762641769534433,WEEKDAY12,0.8
gap_depth_extOFI,2000,8,8,1.0,0.23898277191745929,0.4863161259934534,10514,0.38981413458312364,0.4367509986684421,WEEKDAY12,0.8
gap_depth_extOFI,5000,8,8,1.0,0.4123150992895558,0.60191503053635,6323,0.5365869361782177,0.5551162422900522,WEEKDAY12,0.8
gap_depth_extOFI,10000,8,8,1.0,0.5113177086345511,0.8449835970484286,4258,0.6532559852399731,0.6019257867543447,WEEKDAY12,0.8
gap_depth_extOFI,30000,8,8,1.0,0.35056007390539795,0.6544179883184076,2044,0.5289589285161196,0.5714285714285714,WEEKDAY12,0.8
gap_extOFI,1000,8,8,1.0,0.12228948939055341,0.32508769254988906,18692,0.25184270926015306,0.28857265140166916,WEEKDAY12,0.8
gap_extOFI,2000,8,8,1.0,0.19152251246624724,0.39897821590362365,12041,0.3364533986651511,0.403704011294743,WEEKDAY12,0.8
gap_extOFI,5000,8,8,1.0,0.33769979561330166,0.5037845010736395,6984,0.4550943482964696,0.5236254295532646,WEEKDAY12,0.8
gap_extOFI,10000,8,8,1.0,0.42999325374710695,0.7538951293554107,4580,0.5369308483916589,0.5705240174672489,WEEKDAY12,0.8
gap_extOFI,30000,8,8,1.0,0.17507422432198755,0.7504601153792991,2124,0.4727669913710648,0.5588512241054614,WEEKDAY12,0.8
gap_leader1000,1000,8,8,1.0,0.16754717497456392,0.38786827020311543,12668,0.27665168880051244,0.36161982949163246,WEEKDAY12,0.8
gap_leader1000,2000,8,8,1.0,0.21137443035650264,0.4201060317019497,10280,0.3039735396627036,0.4343385214007782,WEEKDAY12,0.8
gap_leader1000,5000,8,8,1.0,0.2190939237780211,0.5750409894236723,7000,0.3844323115575517,0.515,WEEKDAY12,0.8
gap_leader1000,10000,8,8,1.0,0.15561874839103534,0.7148636848155894,4750,0.4102572278430288,0.5467368421052632,WEEKDAY12,0.8
gap_leader1000,30000,8,8,1.0,0.05569355465177985,0.7258117013969312,2156,0.40120209004577434,0.5528756957328386,WEEKDAY12,0.8
gap_localOFI,1000,8,8,1.0,0.1297858296989112,0.32253171356730886,16289,0.23952134124568422,0.29756277242310764,WEEKDAY12,0.8
gap_localOFI,2000,8,8,1.0,0.20271304850603278,0.36760235727910917,11221,0.31524806651795984,0.40210319935834593,WEEKDAY12,0.8
gap_localOFI,5000,8,8,1.0,0.34941186416328834,0.5262277025265927,6833,0.42185645034416597,0.5163178691643495,WEEKDAY12,0.8
gap_localOFI,10000,8,8,1.0,0.38882373568025347,0.7281682618322638,4518,0.5176562060416313,0.5630810092961488,WEEKDAY12,0.8
gap_localOFI,30000,8,8,1.0,0.16524807025678556,1.0202517139109086,2105,0.5064742278275621,0.5539192399049881,WEEKDAY12,0.8
gap_localTrade,1000,8,8,1.0,0.269362776402562,0.6310981429679986,7566,0.4502881297767782,0.40946338884483213,WEEKDAY12,0.8
gap_localTrade,2000,8,8,1.0,0.3387835607273529,0.6581312050157924,6179,0.5299757814326264,0.4932837028645412,WEEKDAY12,0.8
gap_localTrade,5000,8,8,1.0,0.47659031856722406,0.7924315675579355,4476,0.6497289599313578,0.569928507596068,WEEKDAY12,0.8
gap_localTrade,10000,8,8,1.0,0.563829218534105,0.9913592756342314,3302,0.7431748941326327,0.6069049061175046,WEEKDAY12,0.8
gap_localTrade,30000,8,8,1.0,0.4989773764591855,1.060227084517329,1774,0.6934840459591836,0.5834272829763247,WEEKDAY12,0.8
leader1000_extOFI,1000,8,8,1.0,0.11658077091372732,0.29709541425178776,21504,0.22638498356583897,0.31547619047619047,WEEKDAY12,0.8
leader1000_extOFI,2000,8,8,1.0,0.14080545225269375,0.31569227581985926,15598,0.2533864322403072,0.39222977304782664,WEEKDAY12,0.8
leader1000_extOFI,5000,8,8,1.0,0.21138298377019873,0.38091099312760635,9518,0.3194412148269533,0.47846186173565874,WEEKDAY12,0.8
leader1000_extOFI,10000,8,8,1.0,0.20593513330710037,0.45357275601810054,5941,0.3212127963413591,0.5125399764349436,WEEKDAY12,0.8
leader1000_extOFI,30000,8,7,0.875,-0.11747938892491111,0.8099898152613982,2474,0.3618464925971147,0.5291026677445433,WEEKDAY12,0.8
depthBoth,1000,14,14,1.0,0.06776401885818634,0.3810442434656101,46308,0.22319391029250696,0.30191327632374537,ALL24,0.8
depthBoth,2000,14,14,1.0,0.11548417509923253,0.4685267764447707,29454,0.30839353774165346,0.41264344401439534,ALL24,0.8
depthBoth,5000,14,14,1.0,0.22258125564280618,0.6136429144466357,16509,0.42798492628001383,0.5242594948210068,ALL24,0.8
depthBoth,10000,14,14,1.0,0.3206002039149609,0.7887453861646626,10328,0.5178079376100659,0.5709721146398141,ALL24,0.8
depthBoth,30000,14,14,1.0,0.09671889102901263,0.8345380750214525,4467,0.4780633880027118,0.5845086187597941,ALL24,0.8
depthL1_extOFI,1000,14,14,1.0,0.07070213747794572,0.40432200495148773,45428,0.23618134862070542,0.31909835343840803,ALL24,0.8
depthL1_extOFI,2000,14,14,1.0,0.11937717693241685,0.47593037564650786,29682,0.32458483770257673,0.4262179098443501,ALL24,0.8
depthL1_extOFI,5000,14,14,1.0,0.2291427360946906,0.6386694636862378,16756,0.4465357294936285,0.5337192647409883,ALL24,0.8
depthL1_extOFI,10000,14,14,1.0,0.344484077137161,0.7294774875492988,10459,0.5113657374771666,0.5758676737737833,ALL24,0.8
depthL1_extOFI,30000,14,14,1.0,0.24588182335815192,0.7629665492964554,4516,0.5290371833258886,0.5810451727192205,ALL24,0.8
gap_depthBoth,1000,14,14,1.0,0.060954864358767805,0.3650903197133204,31376,0.19490927015705176,0.2325344212136665,ALL24,0.8
gap_depthBoth,2000,14,14,1.0,0.10772370504471289,0.4727646358444067,19133,0.2915670524896537,0.3463126535305493,ALL24,0.8
gap_depthBoth,5000,14,14,1.0,0.22606021145151817,0.621149086886075,10770,0.4255317929288129,0.4827298050139276,ALL24,0.8
gap_depthBoth,10000,14,14,1.0,0.31932086470224813,0.8054203256881695,7123,0.5356376693548688,0.5525761617296083,ALL24,0.8
gap_depthBoth,30000,14,14,1.0,0.2526485370133348,0.6983198594728198,3501,0.5126589382471508,0.5712653527563554,ALL24,0.8
gap_depthL1,1000,14,14,1.0,0.05975229986155353,0.34398464493699055,33184,0.18888901469506506,0.22993008678881388,ALL24,0.8
gap_depthL1,2000,14,14,1.0,0.10238129036129309,0.4449978876024891,20102,0.2828639238443175,0.3416575465127848,ALL24,0.8
gap_depthL1,5000,14,14,1.0,0.21756257746210286,0.581884020889194,11182,0.40838262971111405,0.47934179932033627,ALL24,0.8
gap_depthL1,10000,14,14,1.0,0.3174194103750853,0.8102656447849329,7337,0.5338599882753869,0.5480441597383127,ALL24,0.8
gap_depthL1,30000,14,14,1.0,0.12595995388798972,0.92514944257694,3554,0.4965178750241554,0.5694991558806978,ALL24,0.8
gap_depth_extOFI,1000,14,14,1.0,0.06269703068005056,0.4084889981978064,29164,0.21235736329468743,0.23871896859141406,ALL24,0.8
gap_depth_extOFI,2000,14,14,1.0,0.1129050700339263,0.4863161259934534,18357,0.3065317739689966,0.3503840496813205,ALL24,0.8
gap_depth_extOFI,5000,14,14,1.0,0.2243862242768488,0.60191503053635,10507,0.44530391199770747,0.4878652327020082,ALL24,0.8
gap_depth_extOFI,10000,14,14,1.0,0.3426303283806513,0.8449835970484286,6992,0.5746478095754908,0.558066361556064,ALL24,0.8
gap_depth_extOFI,30000,14,14,1.0,0.35056007390539795,0.6544179883184076,3475,0.5216769490163365,0.5732374100719424,ALL24,0.8
gap_extOFI,1000,14,14,1.0,0.0531874224360914,0.32508769254988906,35293,0.17934035712150634,0.20972997478253477,ALL24,0.8
gap_extOFI,2000,14,14,1.0,0.09453238460398292,0.39897821590362365,21768,0.2577819233626254,0.3135795663359059,ALL24,0.8
gap_extOFI,5000,14,14,1.0,0.17361141027429813,0.5037845010736395,12003,0.3735571481977098,0.4463050903940681,ALL24,0.8
gap_extOFI,10000,14,14,1.0,0.30233839768041454,0.7538951293554107,7767,0.4734362417014484,0.5187331015836231,ALL24,0.8
gap_extOFI,30000,14,14,1.0,0.17507422432198755,0.7504601153792991,3698,0.4614009506944503,0.5524607896160086,ALL24,0.8
gap_leader1000,1000,14,14,1.0,0.16754717497456392,0.38786827020311543,18683,0.2541358632814134,0.31793609163410586,ALL24,0.8
gap_leader1000,2000,14,14,1.0,0.18180177518558707,0.4201060317019497,15399,0.28415733127382753,0.385025001623482,ALL24,0.8
gap_leader1000,5000,14,14,1.0,0.2190939237780211,0.5750409894236723,10826,0.34694648834515435,0.4685941252540181,ALL24,0.8
gap_leader1000,10000,14,14,1.0,0.15561874839103534,0.7148636848155894,7567,0.3915901425903961,0.5164530196907625,ALL24,0.8
gap_leader1000,30000,14,14,1.0,0.05569355465177985,0.7258117013969312,3694,0.41041540026490686,0.5489983757444504,ALL24,0.8
gap_localOFI,1000,14,14,1.0,0.0540457587639369,0.32253171356730886,28772,0.1819551683713832,0.226470179341026,ALL24,0.8
gap_localOFI,2000,14,14,1.0,0.07944734867915124,0.36760235727910917,19455,0.24919035765869169,0.3192495502441532,ALL24,0.8
gap_localOFI,5000,14,14,1.0,0.14707229521682544,0.5262277025265927,11482,0.34136656012923206,0.4426929106427452,ALL24,0.8
gap_localOFI,10000,14,14,1.0,0.22780970349141128,0.7281682618322638,7553,0.4513323666284292,0.513703164305574,ALL24,0.8
gap_localOFI,30000,14,14,1.0,0.16524807025678556,1.0202517139109086,3634,0.4652796907761058,0.5470555861309851,ALL24,0.8
gap_localTrade,1000,14,14,1.0,0.15304923015898614,0.6310981429679986,11632,0.3817843383566498,0.34620013755158185,ALL24,0.8
gap_localTrade,2000,14,14,1.0,0.1893250471184641,0.6581312050157924,9635,0.4483994642452476,0.4240788790866632,ALL24,0.8
gap_localTrade,5000,14,14,1.0,0.27472149278790803,0.7924315675579355,7042,0.561236462770085,0.5124964498721954,ALL24,0.8
gap_localTrade,10000,14,14,1.0,0.3688781063276673,0.9913592756342314,5264,0.6609215669041609,0.5680091185410334,ALL24,0.8
gap_localTrade,30000,14,14,1.0,0.3641399162588113,1.060227084517329,2944,0.6476122197181375,0.5764266304347826,ALL24,0.8
leader1000_extOFI,1000,14,14,1.0,0.046132639307941294,0.29709541425178776,41240,0.1572943952845706,0.22919495635305528,ALL24,0.8
leader1000_extOFI,2000,14,14,1.0,0.05651620674939966,0.31569227581985926,29372,0.18395799904980473,0.29919651368650413,ALL24,0.8
leader1000_extOFI,5000,14,14,1.0,0.10357498036941926,0.38091099312760635,17943,0.23972840713614083,0.39112745917628045,ALL24,0.8
leader1000_extOFI,10000,14,14,1.0,0.13726970023256685,0.45357275601810054,11281,0.26418773044599225,0.4418934491623083,ALL24,0.8
leader1000_extOFI,30000,14,13,0.9285714285714286,-0.11747938892491111,0.8099898152613982,4752,0.3129081950473691,0.492003367003367,ALL24,0.8
depthBoth,1000,6,6,1.0,0.10131122954420756,0.2528330258018478,11320,0.1597296530342285,0.2378975265017668,WEEKEND12,0.9
depthBoth,2000,6,6,1.0,0.16774045415996772,0.3416064471056079,7367,0.2501612914169288,0.3534681688611375,WEEKEND12,0.9
depthBoth,5000,6,6,1.0,0.308344188420986,0.4968634213694359,4490,0.3915520231206877,0.5084632516703786,WEEKEND12,0.9
depthBoth,10000,6,6,1.0,0.4270145103307042,0.643207431932337,3134,0.47801233851143154,0.595405232929164,WEEKEND12,0.9
depthBoth,30000,6,6,1.0,0.3662553501416616,0.7281388188605746,1661,0.5619458361259055,0.6261288380493678,WEEKEND12,0.9
depthL1_extOFI,1000,6,6,1.0,0.11258974450717249,0.26194340244503656,11079,0.1753174529876575,0.2582363029154256,WEEKEND12,0.9
depthL1_extOFI,2000,6,6,1.0,0.17553548202122374,0.3720787956776515,7428,0.26703338145411554,0.3729133010231556,WEEKEND12,0.9
depthL1_extOFI,5000,6,6,1.0,0.3243290826404969,0.5068617625846012,4586,0.414671819401827,0.5279110335804623,WEEKEND12,0.9
depthL1_extOFI,10000,6,6,1.0,0.46128613284942455,0.6486759939173401,3200,0.5059466313875953,0.6025,WEEKEND12,0.9
depthL1_extOFI,30000,6,6,1.0,0.4046549096368509,0.7779155469067526,1699,0.5542638327892159,0.6209535020600353,WEEKEND12,0.9
gap_depthBoth,1000,6,6,1.0,0.08460757767807832,0.2759820622361879,7537,0.149916434335387,0.16770598381318827,WEEKEND12,0.9
gap_depthBoth,2000,6,6,1.0,0.15313311921765393,0.370345911343193,4474,0.23878392391258157,0.2682163611980331,WEEKEND12,0.9
gap_depthBoth,5000,6,6,1.0,0.2918578011564766,0.4373820783087369,2536,0.37211531046707524,0.43375394321766564,WEEKEND12,0.9
gap_depthBoth,10000,6,6,1.0,0.3292271323516367,0.644944344249599,1788,0.527254032607139,0.5296420581655481,WEEKEND12,0.9
gap_depthBoth,30000,6,6,1.0,0.5160559330904243,0.7365319939326528,1072,0.6679379486223279,0.6128731343283582,WEEKEND12,0.9
gap_depthL1,1000,6,6,1.0,0.0849010705479687,0.2725451942759282,7997,0.14643716448291938,0.16406152307115168,WEEKEND12,0.9
gap_depthL1,2000,6,6,1.0,0.15022581162323892,0.3711638605624299,4716,0.2353038429743084,0.2644189991518236,WEEKEND12,0.9
gap_depthL1,5000,6,6,1.0,0.28489662843710983,0.42513176703910815,2649,0.36627476645734175,0.43148357870894677,WEEKEND12,0.9
gap_depthL1,10000,6,6,1.0,0.32941686268792425,0.6075670734810169,1855,0.5110905696681071,0.5239892183288409,WEEKEND12,0.9
gap_depthL1,30000,6,6,1.0,0.5144563677066968,0.7503019015851339,1098,0.6362587034331478,0.6065573770491803,WEEKEND12,0.9
gap_depth_extOFI,1000,6,6,1.0,0.08974132686287783,0.29220898450267385,7075,0.15499730365338263,0.16692579505300353,WEEKEND12,0.9
gap_depth_extOFI,2000,6,6,1.0,0.16221785236182443,0.3933318502651796,4322,0.2512671927582828,0.26816288755205925,WEEKEND12,0.9
gap_depth_extOFI,5000,6,6,1.0,0.29982332157488417,0.47790644374620384,2475,0.3889081703468182,0.43232323232323233,WEEKEND12,0.9
gap_depth_extOFI,10000,6,6,1.0,0.3656407141135644,0.6306867273352229,1750,0.5419847401624012,0.5274285714285715,WEEKEND12,0.9
gap_depth_extOFI,30000,6,6,1.0,0.6074744438513198,0.7604944060088558,1047,0.7033428417874786,0.620821394460363,WEEKEND12,0.9
gap_extOFI,1000,6,6,1.0,0.08821226652526395,0.27392382168062634,8578,0.14771684607862343,0.14816973653532292,WEEKEND12,0.9
gap_extOFI,2000,6,6,1.0,0.15296521366489493,0.38394939983516085,5179,0.2397386099213583,0.2407800733732381,WEEKEND12,0.9
gap_extOFI,5000,6,6,1.0,0.27739720490978514,0.5333765861360268,2899,0.3895275898528171,0.3966885132804415,WEEKEND12,0.9
gap_extOFI,10000,6,6,1.0,0.37911270147080006,0.5822713609368467,2007,0.4969196813932245,0.49327354260089684,WEEKEND12,0.9
gap_extOFI,30000,6,6,1.0,0.5399973994466889,1.1967639648314112,1149,0.730403903281283,0.5900783289817232,WEEKEND12,0.9
gap_leader1000,1000,6,6,1.0,0.2155779675563965,0.3683511577412659,3659,0.2810206679117467,0.26291336430718776,WEEKEND12,0.9
gap_leader1000,2000,6,6,1.0,0.25453904855634046,0.4713485192237881,3194,0.34191244066654103,0.3287413901064496,WEEKEND12,0.9
gap_leader1000,5000,6,6,1.0,0.33234231774190476,0.4712479749532785,2524,0.4079806462117998,0.436608557844691,WEEKEND12,0.9
gap_leader1000,10000,6,6,1.0,0.3545689100115389,0.5839001630635102,1980,0.4804708734487416,0.5116161616161616,WEEKEND12,0.9
gap_leader1000,30000,6,6,1.0,0.37365820621131063,0.9519674972982951,1196,0.6116820004004357,0.5735785953177257,WEEKEND12,0.9
gap_localOFI,1000,6,6,1.0,0.09054532627209273,0.26429144602030913,6510,0.1548150004269066,0.16344086021505377,WEEKEND12,0.9
gap_localOFI,2000,6,6,1.0,0.13829671636500918,0.38708970852830205,4420,0.2232218469282236,0.24592760180995474,WEEKEND12,0.9
gap_localOFI,5000,6,6,1.0,0.2519793695949698,0.4073527793095922,2692,0.3300722122855654,0.3863298662704309,WEEKEND12,0.9
gap_localOFI,10000,6,6,1.0,0.2966821345301834,0.5714150856517085,1905,0.4554370013462295,0.48871391076115483,WEEKEND12,0.9
gap_localOFI,30000,6,6,1.0,0.35373188102776054,1.2135357487562375,1126,0.6680107550561715,0.58348134991119,WEEKEND12,0.9
gap_localTrade,1000,6,6,1.0,0.21188811797268245,0.5595912354424608,2289,0.3671367938203479,0.27348186981214506,WEEKEND12,0.9
gap_localTrade,2000,6,6,1.0,0.275282741612355,0.5860949700268369,1967,0.422381145765659,0.34570411794611083,WEEKEND12,0.9
gap_localTrade,5000,6,6,1.0,0.38062094299279425,0.6776387552584515,1531,0.5150236134625567,0.46178967994774656,WEEKEND12,0.9
gap_localTrade,10000,6,6,1.0,0.46456611323613284,0.8727025100420174,1230,0.6571061690959041,0.5487804878048781,WEEKEND12,0.9
gap_localTrade,30000,6,6,1.0,0.45856614160968395,1.1558494936627477,829,0.7734197218783561,0.586248492159228,WEEKEND12,0.9
leader1000_extOFI,1000,6,6,1.0,0.09213825489830056,0.1937261987576073,10308,0.13350445117582074,0.18112145906092356,WEEKEND12,0.9
leader1000_extOFI,2000,6,6,1.0,0.11723982539189598,0.2138622550551854,8042,0.16555472119702172,0.24247699577219597,WEEKEND12,0.9
leader1000_extOFI,5000,6,6,1.0,0.10455710577668137,0.36753973564335585,5595,0.21550773649063765,0.3403038427167113,WEEKEND12,0.9
leader1000_extOFI,10000,6,6,1.0,0.18024267852019624,0.32909404294489203,3909,0.2661012717038176,0.40828856485034537,WEEKEND12,0.9
leader1000_extOFI,30000,6,5,0.8333333333333334,-0.09740795048059483,0.40067902851640697,1913,0.19751049439294804,0.4950339780449556,WEEKEND12,0.9
depthBoth,1000,8,8,1.0,0.2552265865471756,0.45879131403493695,15818,0.3633742479926826,0.4449361486913643,WEEKDAY12,0.9
depthBoth,2000,8,8,1.0,0.37558684799428615,0.5415231438352247,11323,0.4740238315321481,0.5491477523624481,WEEKDAY12,0.9
depthBoth,5000,8,8,1.0,0.42525654625138987,0.6871994879897745,7255,0.5852163594824826,0.6151619572708477,WEEKDAY12,0.9
depthBoth,10000,8,8,1.0,0.37034662898056275,0.8230607467786413,4896,0.6207120461447099,0.6176470588235294,WEEKDAY12,0.9
depthBoth,30000,8,8,1.0,0.23875077904929026,0.9253245513696976,2233,0.7038349273034454,0.5920286609941783,WEEKDAY12,0.9
depthL1_extOFI,1000,8,8,1.0,0.26323537127770097,0.47963071504382776,15856,0.3898555893505027,0.47338546922300706,WEEKDAY12,0.9
depthL1_extOFI,2000,8,8,1.0,0.3795827072886693,0.5988133350937257,11601,0.5031857796888572,0.5726230497370917,WEEKDAY12,0.9
depthL1_extOFI,5000,8,8,1.0,0.5269580329050336,0.7304351201389587,7450,0.6287686887911068,0.6343624161073825,WEEKDAY12,0.9
depthL1_extOFI,10000,8,8,1.0,0.5411792280021666,0.8222758258208498,5010,0.6727641622587117,0.6341317365269461,WEEKDAY12,0.9
depthL1_extOFI,30000,8,8,1.0,0.5029370887052583,0.8387536180368199,2258,0.7043191955337925,0.5996457041629761,WEEKDAY12,0.9
gap_depthBoth,1000,8,8,1.0,0.1612567823616004,0.47249327863579416,9995,0.3471786578823598,0.35267633816908456,WEEKDAY12,0.9
gap_depthBoth,2000,8,8,1.0,0.26640180399496644,0.5816454684604176,6774,0.46667824526424295,0.47859462651313844,WEEKDAY12,0.9
gap_depthBoth,5000,8,8,1.0,0.4206580978556498,0.7589349160097395,4408,0.6080673663389705,0.5807622504537205,WEEKDAY12,0.9
gap_depthBoth,10000,8,8,1.0,0.5017294869797919,0.9578702243749622,3222,0.7009379777981141,0.6163873370577281,WEEKDAY12,0.9
gap_depthBoth,30000,8,8,1.0,0.613580216988509,1.090278552350263,1719,0.7918896110566529,0.5974403723094822,WEEKDAY12,0.9
gap_depthL1,1000,8,8,1.0,0.15672180658219792,0.4640734660991412,10510,0.34195766244605214,0.352616555661275,WEEKDAY12,0.9
gap_depthL1,2000,8,8,1.0,0.2637682327182696,0.5769910412741568,7124,0.4607408174333715,0.47613700168444695,WEEKDAY12,0.9
gap_depthL1,5000,8,8,1.0,0.4162262435130782,0.7504267247477354,4585,0.6008068277280637,0.5768811341330425,WEEKDAY12,0.9
gap_depthL1,10000,8,8,1.0,0.5299417287811617,0.9198432054739266,3324,0.7054061282706711,0.6116125150421179,WEEKDAY12,0.9
gap_depthL1,30000,8,8,1.0,0.4300736489895741,1.057155508956239,1748,0.7542524549449642,0.5892448512585813,WEEKDAY12,0.9
gap_depth_extOFI,1000,8,8,1.0,0.18032462400135138,0.567002224980779,8880,0.3904229500480227,0.36745495495495495,WEEKDAY12,0.9
gap_depth_extOFI,2000,8,8,1.0,0.28257130759234783,0.6374220217435334,6173,0.5238951921954806,0.49133322533614127,WEEKDAY12,0.9
gap_depth_extOFI,5000,8,8,1.0,0.4606526926457932,0.8486709949708986,4078,0.7069487874716217,0.5961255517410495,WEEKDAY12,0.9
gap_depth_extOFI,10000,8,8,1.0,0.5713573637280612,0.9806540158806901,3022,0.801471634602438,0.6320317670416943,WEEKDAY12,0.9
gap_depth_extOFI,30000,8,8,1.0,0.5252040624479688,1.1250690728406512,1643,0.7867756912382631,0.5952525867315885,WEEKDAY12,0.9
gap_extOFI,1000,8,8,1.0,0.1541389294893051,0.5004490004633689,10123,0.3670714117256015,0.3459448780005927,WEEKDAY12,0.9
gap_extOFI,2000,8,8,1.0,0.25085467357347385,0.59271974721802,6933,0.4982695199215227,0.4660320207702293,WEEKDAY12,0.9
gap_extOFI,5000,8,8,1.0,0.4000158741807205,0.852362667498258,4442,0.6625074449759542,0.5740657361548852,WEEKDAY12,0.9
gap_extOFI,10000,8,8,1.0,0.5070278878365936,0.9537488538297317,3230,0.7560454116940697,0.6092879256965944,WEEKDAY12,0.9
gap_extOFI,30000,8,8,1.0,0.5243843460975525,1.1436244741616188,1715,0.7559238895159923,0.5900874635568513,WEEKDAY12,0.9
gap_leader1000,1000,8,8,1.0,0.23564466129364117,0.5205802895858267,7976,0.3813062185490353,0.41361584754262787,WEEKDAY12,0.9
gap_leader1000,2000,8,8,1.0,0.2700524195546672,0.6133372135790442,6740,0.42086947036618455,0.4836795252225519,WEEKDAY12,0.9
gap_leader1000,5000,8,8,1.0,0.3614633168634777,0.7610217194559601,4988,0.5092462174246171,0.5545308740978349,WEEKDAY12,0.9
gap_leader1000,10000,8,8,1.0,0.22221772146360289,0.8767138038629797,3626,0.5544904993582475,0.5777716492002206,WEEKDAY12,0.9
gap_leader1000,30000,8,8,1.0,0.24805667283210342,1.1318333630533364,1842,0.6405926065597912,0.5705754614549403,WEEKDAY12,0.9
gap_localOFI,1000,8,8,1.0,0.17379548753008364,0.4756596769424647,8890,0.3433211257401982,0.3512935883014623,WEEKDAY12,0.9
gap_localOFI,2000,8,8,1.0,0.26132606395055474,0.5416153371668709,6487,0.4422454246793896,0.4570679821180823,WEEKDAY12,0.9
gap_localOFI,5000,8,8,1.0,0.40771441659554497,0.6951536840462256,4346,0.58470243750394,0.5625862862402209,WEEKDAY12,0.9
gap_localOFI,10000,8,8,1.0,0.46440759443081936,0.9720430449965941,3160,0.6980918563338614,0.600632911392405,WEEKDAY12,0.9
gap_localOFI,30000,8,8,1.0,0.4773331419427366,1.2707567139421743,1702,0.8228542687717648,0.6039952996474736,WEEKDAY12,0.9
gap_localTrade,1000,8,8,1.0,0.32429238878046135,0.8656195978695647,4543,0.6067189719300504,0.4681928241250275,WEEKDAY12,0.9
gap_localTrade,2000,8,8,1.0,0.41422664570185674,0.9556353027166817,3807,0.7122672378148882,0.5516154452324665,WEEKDAY12,0.9
gap_localTrade,5000,8,8,1.0,0.5199891878368696,1.1320743085182559,2929,0.8757341297817555,0.6258108569477637,WEEKDAY12,0.9
gap_localTrade,10000,8,8,1.0,0.6253908936489173,1.1514150720667673,2301,0.9634306679315587,0.6440677966101694,WEEKDAY12,0.9
gap_localTrade,30000,8,8,1.0,0.6224191839075601,1.429268915080855,1396,1.0202637600265645,0.6260744985673352,WEEKDAY12,0.9
leader1000_extOFI,1000,8,8,1.0,0.1476759858697401,0.42312094766360253,12397,0.3067286898190069,0.36363636363636365,WEEKDAY12,0.9
leader1000_extOFI,2000,8,8,1.0,0.1705919013582314,0.44868302392076903,9753,0.33733758771663314,0.43791653850097406,WEEKDAY12,0.9
leader1000_extOFI,5000,8,8,1.0,0.28084402189288055,0.5697228189376723,6716,0.4426330581305261,0.5218880285884455,WEEKDAY12,0.9
leader1000_extOFI,10000,8,8,1.0,0.33477623658332045,0.5680983429038156,4612,0.4374502975240505,0.5472679965307893,WEEKDAY12,0.9
leader1000_extOFI,30000,8,8,1.0,0.05493517890144105,0.9078397860370777,2177,0.34556335773438324,0.5374368396876436,WEEKDAY12,0.9
depthBoth,1000,14,14,1.0,0.10131122954420756,0.45879131403493695,27138,0.27842853294626424,0.35857469231336137,ALL24,0.9
depthBoth,2000,14,14,1.0,0.16774045415996772,0.5415231438352247,18690,0.38578438086179917,0.4720171214553237,ALL24,0.9
depthBoth,5000,14,14,1.0,0.308344188420986,0.6871994879897745,11745,0.5111803552028352,0.5743720732226479,ALL24,0.9
depthBoth,10000,14,14,1.0,0.37034662898056275,0.8230607467786413,8030,0.565018287275134,0.6089663760896638,ALL24,0.9
depthBoth,30000,14,14,1.0,0.23875077904929026,0.9253245513696976,3894,0.6433116144000315,0.6065742167437083,ALL24,0.9
depthL1_extOFI,1000,14,14,1.0,0.11258974450717249,0.47963071504382776,26935,0.3016110000516736,0.38488954891405236,ALL24,0.9
depthL1_extOFI,2000,14,14,1.0,0.17553548202122374,0.5988133350937257,19029,0.4110033205954913,0.4946660360502391,ALL24,0.9
depthL1_extOFI,5000,14,14,1.0,0.3243290826404969,0.7304351201389587,12036,0.5471927297499605,0.5938019275506813,ALL24,0.9
depthL1_extOFI,10000,14,14,1.0,0.46128613284942455,0.8222758258208498,8210,0.6077439309812974,0.6218026796589525,ALL24,0.9
depthL1_extOFI,30000,14,14,1.0,0.4046549096368509,0.8387536180368199,3957,0.6398905725105336,0.6087945413191812,ALL24,0.9
gap_depthBoth,1000,14,14,1.0,0.08460757767807832,0.47249327863579416,17532,0.2623757044900752,0.27315765457449237,ALL24,0.9
gap_depthBoth,2000,14,14,1.0,0.15313311921765393,0.5816454684604176,11248,0.3760310907721259,0.3949146514935989,ALL24,0.9
gap_depthBoth,5000,14,14,1.0,0.2918578011564766,0.7589349160097395,6944,0.5218959357958934,0.527073732718894,ALL24,0.9
gap_depthBoth,10000,14,14,1.0,0.3292271323516367,0.9578702243749622,5010,0.63895256981379,0.5854291417165669,ALL24,0.9
gap_depthBoth,30000,14,14,1.0,0.5160559330904243,1.090278552350263,2791,0.7442808034143754,0.6033679684700824,ALL24,0.9
gap_depthL1,1000,14,14,1.0,0.0849010705479687,0.4640734660991412,18507,0.2574719315220141,0.27114064948397903,ALL24,0.9
gap_depthL1,2000,14,14,1.0,0.15022581162323892,0.5769910412741568,11840,0.37094683334984596,0.39180743243243243,ALL24,0.9
gap_depthL1,5000,14,14,1.0,0.28489662843710983,0.7504267247477354,7234,0.5149241306992908,0.5236383743433785,ALL24,0.9
gap_depthL1,10000,14,14,1.0,0.32941686268792425,0.9198432054739266,5179,0.635806715023373,0.5802278432129755,ALL24,0.9
gap_depthL1,30000,14,14,1.0,0.4300736489895741,1.057155508956239,2846,0.708729918346238,0.5959241040056219,ALL24,0.9
gap_depth_extOFI,1000,14,14,1.0,0.08974132686287783,0.567002224980779,15955,0.28602705858816196,0.278533375117518,ALL24,0.9
gap_depth_extOFI,2000,14,14,1.0,0.16221785236182443,0.6374220217435334,10495,0.4116228516935683,0.39942829919009054,ALL24,0.9
gap_depth_extOFI,5000,14,14,1.0,0.29982332157488417,0.8486709949708986,6553,0.5868281515210818,0.5342591179612391,ALL24,0.9
gap_depth_extOFI,10000,14,14,1.0,0.3656407141135644,0.9806540158806901,4772,0.7063119394494489,0.5936714165968148,ALL24,0.9
gap_depth_extOFI,30000,14,14,1.0,0.5252040624479688,1.1250690728406512,2690,0.7543020134037012,0.6052044609665428,ALL24,0.9
gap_extOFI,1000,14,14,1.0,0.08821226652526395,0.5004490004633689,18701,0.26645521664941424,0.2552269932089193,ALL24,0.9
gap_extOFI,2000,14,14,1.0,0.15296521366489493,0.59271974721802,12112,0.38772364947148547,0.3697159841479524,ALL24,0.9
gap_extOFI,5000,14,14,1.0,0.27739720490978514,0.852362667498258,7341,0.5547062462289204,0.5040185260863642,ALL24,0.9
gap_extOFI,10000,14,14,1.0,0.37911270147080006,0.9537488538297317,5237,0.6567394463104921,0.5648271911399656,ALL24,0.9
gap_extOFI,30000,14,14,1.0,0.5243843460975525,1.1967639648314112,2864,0.7456855989490646,0.5900837988826816,ALL24,0.9
gap_leader1000,1000,14,14,1.0,0.2155779675563965,0.5205802895858267,11635,0.3497682013782713,0.36622260421143105,ALL24,0.9
gap_leader1000,2000,14,14,1.0,0.25453904855634046,0.6133372135790442,9934,0.39548304467052703,0.43386349909402055,ALL24,0.9
gap_leader1000,5000,14,14,1.0,0.33234231774190476,0.7610217194559601,7512,0.4752214168733457,0.5149094781682642,ALL24,0.9
gap_leader1000,10000,14,14,1.0,0.22221772146360289,0.8767138038629797,5606,0.5283472850698383,0.554405993578309,ALL24,0.9
gap_leader1000,30000,14,14,1.0,0.24805667283210342,1.1318333630533364,3038,0.6292110776043637,0.5717577353522054,ALL24,0.9
gap_localOFI,1000,14,14,1.0,0.09054532627209273,0.4756596769424647,15400,0.26363444549412496,0.2718831168831169,ALL24,0.9
gap_localOFI,2000,14,14,1.0,0.13829671636500918,0.5416153371668709,10907,0.35348735979810664,0.3715045383698542,ALL24,0.9
gap_localOFI,5000,14,14,1.0,0.2519793695949698,0.6951536840462256,7038,0.48730764263496235,0.49516908212560384,ALL24,0.9
gap_localOFI,10000,14,14,1.0,0.2966821345301834,0.9720430449965941,5065,0.6068268022861933,0.5585389930898322,ALL24,0.9
gap_localOFI,30000,14,14,1.0,0.35373188102776054,1.2707567139421743,2828,0.7612015826176777,0.5958274398868458,ALL24,0.9
gap_localTrade,1000,14,14,1.0,0.21188811797268245,0.8656195978695647,6832,0.5264491233215742,0.40295667447306793,ALL24,0.9
gap_localTrade,2000,14,14,1.0,0.275282741612355,0.9556353027166817,5774,0.6135131777073658,0.48146865258053345,ALL24,0.9
gap_localTrade,5000,14,14,1.0,0.38062094299279425,1.1320743085182559,4460,0.7519117529914655,0.5695067264573991,ALL24,0.9
gap_localTrade,10000,14,14,1.0,0.46456611323613284,1.1514150720667673,3531,0.8567245978188838,0.610875106202209,ALL24,0.9
gap_localTrade,30000,14,14,1.0,0.45856614160968395,1.429268915080855,2225,0.9282935543524677,0.6112359550561798,ALL24,0.9
leader1000_extOFI,1000,14,14,1.0,0.09213825489830056,0.42312094766360253,22705,0.22808541952902833,0.2807751596564633,ALL24,0.9
leader1000_extOFI,2000,14,14,1.0,0.11723982539189598,0.44868302392076903,17795,0.2597046676519681,0.3495925821860073,ALL24,0.9
leader1000_extOFI,5000,14,14,1.0,0.10455710577668137,0.5697228189376723,12311,0.3394110473616871,0.43936317114775403,ALL24,0.9
leader1000_extOFI,10000,14,14,1.0,0.18024267852019624,0.5680983429038156,8521,0.3588441078830119,0.48351132496185895,ALL24,0.9
leader1000_extOFI,30000,14,13,0.9285714285714286,-0.09740795048059483,0.9078397860370777,4090,0.27631516028397596,0.5176039119804401,ALL24,0.9
depthBoth,1000,6,6,1.0,0.14636071943315376,0.2718715596575284,6365,0.1957232137780228,0.2840534171249018,WEEKEND12,0.95
depthBoth,2000,6,6,1.0,0.22524869704959663,0.39139722338193794,4395,0.29973931570845097,0.40750853242320817,WEEKEND12,0.95
depthBoth,5000,6,6,1.0,0.38201347877723735,0.5987410467969725,2925,0.4426426332741007,0.5596581196581196,WEEKEND12,0.95
depthBoth,10000,6,6,1.0,0.45234209622749827,0.6794263107514756,2209,0.5261603211529203,0.634676324128565,WEEKEND12,0.95
depthBoth,30000,6,6,1.0,0.3609807001880005,0.9574517028217541,1345,0.6115608074436756,0.6423791821561339,WEEKEND12,0.95
depthL1_extOFI,1000,6,6,1.0,0.15588338336631483,0.28617502178834897,6282,0.21251200996848135,0.3061127029608405,WEEKEND12,0.95
depthL1_extOFI,2000,6,6,1.0,0.23127706386022465,0.41699851432549073,4452,0.31840587945689147,0.4310422282120395,WEEKEND12,0.95
depthL1_extOFI,5000,6,6,1.0,0.39759221658970306,0.5937332584807735,3011,0.4797585978811029,0.5875124543341083,WEEKEND12,0.95
depthL1_extOFI,10000,6,6,1.0,0.4783545578415523,0.631083381681221,2307,0.5716946060235122,0.64629388816645,WEEKEND12,0.95
depthL1_extOFI,30000,6,6,1.0,0.5228956630466856,0.877483870083738,1386,0.6718493552005501,0.665945165945166,WEEKEND12,0.95
gap_depthBoth,1000,6,6,1.0,0.12278653641492332,0.37437723469213613,4127,0.19885210934616698,0.19602616913011872,WEEKEND12,0.95
gap_depthBoth,2000,6,6,1.0,0.21016944942721105,0.5627710122502064,2538,0.32685233331272817,0.31008668242710796,WEEKEND12,0.95
gap_depthBoth,5000,6,6,1.0,0.36993496075636206,0.5506910113883065,1540,0.47487852713970513,0.4811688311688312,WEEKEND12,0.95
gap_depthBoth,10000,6,6,1.0,0.4932365837283434,0.7433739864671733,1152,0.6566289083021621,0.5729166666666666,WEEKEND12,0.95
gap_depthBoth,30000,6,6,1.0,0.4800963961796622,0.8172853902162787,773,0.6509514870503624,0.630012936610608,WEEKEND12,0.95
gap_depthL1,1000,6,6,1.0,0.12003365864594139,0.36991268795222143,4352,0.19785894767557513,0.19416360294117646,WEEKEND12,0.95
gap_depthL1,2000,6,6,1.0,0.2085851683200223,0.566994179169541,2662,0.32816818608404086,0.30954169797145004,WEEKEND12,0.95
gap_depthL1,5000,6,6,1.0,0.36018485023045743,0.5526961598392444,1607,0.47819443234711567,0.48039825762289984,WEEKEND12,0.95
gap_depthL1,10000,6,6,1.0,0.4828755436480591,0.7642279342032665,1198,0.6586812401766289,0.5734557595993323,WEEKEND12,0.95
gap_depthL1,30000,6,6,1.0,0.5286346367766973,0.9107045418632878,793,0.6605061335695129,0.6292559899117276,WEEKEND12,0.95
gap_depth_extOFI,1000,6,6,1.0,0.13230206468816244,0.42057122290633303,3811,0.2171572891182269,0.1996851220152191,WEEKEND12,0.95
gap_depth_extOFI,2000,6,6,1.0,0.22154627328237145,0.6364954641484892,2398,0.34815379945606845,0.3102585487906589,WEEKEND12,0.95
gap_depth_extOFI,5000,6,6,1.0,0.38347281959051155,0.5897717252191842,1475,0.5001907762831326,0.48,WEEKEND12,0.95
gap_depth_extOFI,10000,6,6,1.0,0.48432079920223103,0.8231272856672922,1107,0.6909282777392178,0.5718157181571816,WEEKEND12,0.95
gap_depth_extOFI,30000,6,6,1.0,0.46692626845667523,1.1022901738187818,751,0.7219267547491113,0.6364846870838882,WEEKEND12,0.95
gap_extOFI,1000,6,6,1.0,0.13635720304605678,0.39323020740327425,4449,0.22283858398810388,0.18588446841986964,WEEKEND12,0.95
gap_extOFI,2000,6,6,1.0,0.22778396236692214,0.6223737563682968,2776,0.3580971617661615,0.2910662824207493,WEEKEND12,0.95
gap_extOFI,5000,6,6,1.0,0.3785409564794352,0.5948172683192756,1689,0.506101686738495,0.4517465956187093,WEEKEND12,0.95
gap_extOFI,10000,6,6,1.0,0.5799850068114746,0.9428336520561157,1244,0.7289248643344807,0.5514469453376206,WEEKEND12,0.95
gap_extOFI,30000,6,6,1.0,0.5191032941662937,1.1026814036728467,822,0.8248484433418373,0.6265206812652068,WEEKEND12,0.95
gap_leader1000,1000,6,6,1.0,0.29030965747502563,0.536934530763806,2199,0.39356946255984504,0.31696225557071395,WEEKEND12,0.95
gap_leader1000,2000,6,6,1.0,0.33802777591464217,0.7232290040497055,1953,0.46978087684215214,0.38146441372247825,WEEKEND12,0.95
gap_leader1000,5000,6,6,1.0,0.3977962793938426,0.7109391977872654,1622,0.5309806524331349,0.47780517879161527,WEEKEND12,0.95
gap_leader1000,10000,6,6,1.0,0.43655064200386784,0.6780112645740796,1329,0.5970464228959862,0.5477802859292701,WEEKEND12,0.95
gap_leader1000,30000,6,6,1.0,0.39067589560108346,0.905555978740792,897,0.6715439645263714,0.5997770345596433,WEEKEND12,0.95
gap_localOFI,1000,6,6,1.0,0.13201842756248935,0.3890867221484603,3440,0.22589583454584644,0.20406976744186048,WEEKEND12,0.95
gap_localOFI,2000,6,6,1.0,0.194827674656852,0.6412578918388147,2412,0.3321809915739425,0.2943615257048093,WEEKEND12,0.95
gap_localOFI,5000,6,6,1.0,0.32734409269781856,0.6088770823303006,1581,0.45397019732593924,0.44212523719165087,WEEKEND12,0.95
gap_localOFI,10000,6,6,1.0,0.46502016235296995,0.689825768564445,1195,0.585471651327025,0.5338912133891214,WEEKEND12,0.95
gap_localOFI,30000,6,6,1.0,0.40555212742863284,0.9429623817838653,797,0.6958002406736815,0.6110414052697616,WEEKEND12,0.95
gap_localTrade,1000,6,6,1.0,0.32144102684328524,0.7905614943523299,1332,0.5300750895284151,0.3340840840840841,WEEKEND12,0.95
gap_localTrade,2000,6,6,1.0,0.4120184194530036,0.8949429988776612,1164,0.6280801959998454,0.41323024054982815,WEEKEND12,0.95
gap_localTrade,5000,6,6,1.0,0.522874866609161,0.8617730711880878,939,0.6852976403114396,0.5324813631522897,WEEKEND12,0.95
gap_localTrade,10000,6,6,1.0,0.6482501395371809,1.1650760883353057,795,0.8523349464801816,0.5886792452830188,WEEKEND12,0.95
gap_localTrade,30000,6,6,1.0,0.5232318328109177,1.2117846647103552,587,0.9006371809070087,0.6252129471890971,WEEKEND12,0.95
leader1000_extOFI,1000,6,6,1.0,0.1510494990264517,0.3708144680580321,5389,0.21318926770610516,0.2187789942475413,WEEKEND12,0.95
leader1000_extOFI,2000,6,6,1.0,0.19042548971559484,0.403912661926025,4549,0.2610593409218973,0.28819520773796437,WEEKEND12,0.95
leader1000_extOFI,5000,6,6,1.0,0.2300437116702409,0.6676557123876536,3533,0.34246209435972197,0.39173506934616475,WEEKEND12,0.95
leader1000_extOFI,10000,6,6,1.0,0.24468658119561326,0.6268446251134083,2719,0.3831660929696533,0.44722324383964696,WEEKEND12,0.95
leader1000_extOFI,30000,6,6,1.0,0.13349753671692102,0.7619169868759273,1547,0.43458003270175716,0.5235940530058177,WEEKEND12,0.95
depthBoth,1000,8,8,1.0,0.3138020287028786,0.5047271389049328,9112,0.42650313221137875,0.49089113257243194,WEEKDAY12,0.95
depthBoth,2000,8,8,1.0,0.45846881498766495,0.6227485496730699,7029,0.5428562410628338,0.5942523829847773,WEEKDAY12,0.95
depthBoth,5000,8,8,1.0,0.5492124843127143,0.7348545835669398,5014,0.6537398375248543,0.6485839648982848,WEEKDAY12,0.95
depthBoth,10000,8,8,1.0,0.5719835576827007,0.8458186854361576,3717,0.7068450365885804,0.6408393866020985,WEEKDAY12,0.95
depthBoth,30000,8,8,1.0,0.4269426296957215,1.1783280593229868,1926,0.7412436364798317,0.606957424714434,WEEKDAY12,0.95
depthL1_extOFI,1000,8,8,1.0,0.3138708578841315,0.5662304755605335,9142,0.45701952340853086,0.5278932399912492,WEEKDAY12,0.95
depthL1_extOFI,2000,8,8,1.0,0.4602570788956987,0.6797848095038221,7150,0.5765475155676721,0.6290909090909091,WEEKDAY12,0.95
depthL1_extOFI,5000,8,8,1.0,0.5712805330581013,0.7407943438814776,5117,0.6691158276735083,0.6662106703146374,WEEKDAY12,0.95
depthL1_extOFI,10000,8,8,1.0,0.4332881080868729,0.8413104937163018,3771,0.6783017205928444,0.637761866878812,WEEKDAY12,0.95
depthL1_extOFI,30000,8,8,1.0,0.601172740095399,0.9931223970325483,1938,0.7449742380543468,0.6047471620227038,WEEKDAY12,0.95
gap_depthBoth,1000,8,8,1.0,0.20601654027585892,0.6359450773076559,5543,0.45775895718200627,0.40790185819953095,WEEKDAY12,0.95
gap_depthBoth,2000,8,8,1.0,0.31174817795959125,0.7902497742729115,3998,0.6097295074921586,0.5375187593796898,WEEKDAY12,0.95
gap_depthBoth,5000,8,8,1.0,0.5044614635769242,1.039380546807329,2862,0.7492839693301605,0.6208944793850454,WEEKDAY12,0.95
gap_depthBoth,10000,8,8,1.0,0.5873410312871554,1.3641797421060835,2244,0.8126820325151647,0.6479500891265597,WEEKDAY12,0.95
gap_depthBoth,30000,8,8,1.0,0.5295415657077988,1.673805985478539,1353,0.8672700782114501,0.614190687361419,WEEKDAY12,0.95
gap_depthL1,1000,8,8,1.0,0.1990771776607553,0.6272901017408462,5840,0.448492127440025,0.4066780821917808,WEEKDAY12,0.95
gap_depthL1,2000,8,8,1.0,0.3065965279916897,0.7946968718824804,4207,0.6043621030840954,0.5350606132636083,WEEKDAY12,0.95
gap_depthL1,5000,8,8,1.0,0.50079729832805,1.0354169391386179,2989,0.7443716693005634,0.6169287387085982,WEEKDAY12,0.95
gap_depthL1,10000,8,8,1.0,0.6253436700472473,1.3466022003472913,2323,0.8186012836210904,0.6465777012483858,WEEKDAY12,0.95
gap_depthL1,30000,8,8,1.0,0.507413637063681,1.6784576299127039,1389,0.8550923986303408,0.6119510439164867,WEEKDAY12,0.95
gap_depth_extOFI,1000,8,8,1.0,0.22948940074900856,0.7179730128845043,4807,0.5259937572521762,0.4235489910547119,WEEKDAY12,0.95
gap_depth_extOFI,2000,8,8,1.0,0.33589451829376005,0.8958127037546366,3509,0.7022003679314408,0.555143915645483,WEEKDAY12,0.95
gap_depth_extOFI,5000,8,8,1.0,0.537217261841589,1.0802488688116418,2540,0.8564006087456562,0.6393700787401575,WEEKDAY12,0.95
gap_depth_extOFI,10000,8,8,1.0,0.6310200023630619,1.3643054271103419,2032,0.9399775471744226,0.6638779527559056,WEEKDAY12,0.95
gap_depth_extOFI,30000,8,8,1.0,0.4144950064254004,1.6761489783871277,1272,0.8665496942446774,0.6242138364779874,WEEKDAY12,0.95
gap_extOFI,1000,8,8,1.0,0.22027750322753548,0.676242188004707,5473,0.5276677668551979,0.4047140507948109,WEEKDAY12,0.95
gap_extOFI,2000,8,8,1.0,0.3262008903398776,0.8413474435727386,3949,0.6980119283994156,0.5297543681944796,WEEKDAY12,0.95
gap_extOFI,5000,8,8,1.0,0.5260389600216469,1.011824746621399,2782,0.8662150376313462,0.6218547807332854,WEEKDAY12,0.95
gap_extOFI,10000,8,8,1.0,0.6228096080741181,1.3300000993645318,2176,0.9848857632855186,0.6530330882352942,WEEKDAY12,0.95
gap_extOFI,30000,8,8,1.0,0.6433017117199764,1.814313337616241,1336,1.0196942967854807,0.6294910179640718,WEEKDAY12,0.95
gap_leader1000,1000,8,8,1.0,0.31586469923517374,0.7380518617699167,4823,0.5183374355817568,0.4692100352477711,WEEKDAY12,0.95
gap_leader1000,2000,8,8,1.0,0.36485938047183064,0.8206338468975755,4209,0.5783989001150187,0.5355191256830601,WEEKDAY12,0.95
gap_leader1000,5000,8,8,1.0,0.4559663629459313,0.9010656565541626,3371,0.6781333349371577,0.5927024621773954,WEEKDAY12,0.95
gap_leader1000,10000,8,8,1.0,0.3640898262636755,1.0216263065017748,2605,0.6823279065128706,0.6107485604606526,WEEKDAY12,0.95
gap_leader1000,30000,8,8,1.0,0.4284663380540575,1.6374675728827228,1520,0.8266811255954974,0.5980263157894737,WEEKDAY12,0.95
gap_localOFI,1000,8,8,1.0,0.2380059373551799,0.6163775510073111,4798,0.46774888998602493,0.401625677365569,WEEKDAY12,0.95
gap_localOFI,2000,8,8,1.0,0.34381189014372904,0.7352417252832527,3677,0.5975506425936077,0.5129181397878706,WEEKDAY12,0.95
gap_localOFI,5000,8,8,1.0,0.5466941735784658,0.9937603097040365,2699,0.7416548692574099,0.6039273805113005,WEEKDAY12,0.95
gap_localOFI,10000,8,8,1.0,0.5769412874351444,1.1950166614696838,2124,0.8544820673384211,0.6346516007532956,WEEKDAY12,0.95
gap_localOFI,30000,8,8,1.0,0.5820126189136813,1.932004204253164,1300,0.8847938237822035,0.6215384615384615,WEEKDAY12,0.95
gap_localTrade,1000,8,8,1.0,0.43657770864235745,1.1556815640516738,2673,0.8137834818766221,0.5364758698092031,WEEKDAY12,0.95
gap_localTrade,2000,8,8,1.0,0.5554756446191719,1.2600308922218126,2292,0.9329885986963546,0.6099476439790575,WEEKDAY12,0.95
gap_localTrade,5000,8,8,1.0,0.6796264204136613,1.3539365580017453,1864,1.0975902995765534,0.6738197424892703,WEEKDAY12,0.95
gap_localTrade,10000,8,8,1.0,0.7826781833017187,1.5376472089143023,1547,1.242387742950829,0.6839043309631545,WEEKDAY12,0.95
gap_localTrade,30000,8,8,1.0,0.8400187207541664,2.3392677453345674,1038,1.3956184812815453,0.6445086705202312,WEEKDAY12,0.95
leader1000_extOFI,1000,8,8,1.0,0.17604818531138908,0.612096973651534,7069,0.42232042222005106,0.41533455934361296,WEEKDAY12,0.95
leader1000_extOFI,2000,8,8,1.0,0.1870003470627687,0.6480209812319787,5856,0.47746835387992764,0.4854849726775956,WEEKDAY12,0.95
leader1000_extOFI,5000,8,8,1.0,0.2967575561583949,0.754543698894647,4458,0.5394511867316956,0.5567519066846119,WEEKDAY12,0.95
leader1000_extOFI,10000,8,8,1.0,0.34634743073564117,0.703190608379154,3372,0.5269025021603861,0.5800711743772242,WEEKDAY12,0.95
leader1000_extOFI,30000,8,8,1.0,0.2731079481973972,1.0842206700031358,1797,0.6168425236342215,0.5792988313856428,WEEKDAY12,0.95
depthBoth,1000,14,14,1.0,0.14636071943315376,0.5047271389049328,15477,0.33159364194657864,0.4058280028429282,ALL24,0.95
depthBoth,2000,14,14,1.0,0.22524869704959663,0.6227485496730699,11424,0.449325176030226,0.5224089635854342,ALL24,0.95
depthBoth,5000,14,14,1.0,0.38201347877723735,0.7348545835669398,7939,0.5759643843905233,0.615820632321451,ALL24,0.95
depthBoth,10000,14,14,1.0,0.45234209622749827,0.8458186854361576,5926,0.6394922629811938,0.6385420182247722,ALL24,0.95
depthBoth,30000,14,14,1.0,0.3609807001880005,1.1783280593229868,3271,0.6879194527275756,0.6215224701926017,ALL24,0.95
depthL1_extOFI,1000,14,14,1.0,0.15588338336631483,0.5662304755605335,15424,0.3574347075740916,0.43756483402489627,ALL24,0.95
depthL1_extOFI,2000,14,14,1.0,0.23127706386022465,0.6797848095038221,11602,0.4774916145191291,0.5530942940872263,ALL24,0.95
depthL1_extOFI,5000,14,14,1.0,0.39759221658970306,0.7407943438814776,8128,0.5989688519224092,0.6370570866141733,ALL24,0.95
depthL1_extOFI,10000,14,14,1.0,0.4332881080868729,0.8413104937163018,6078,0.6378373222197862,0.6410003290556104,ALL24,0.95
depthL1_extOFI,30000,14,14,1.0,0.5228956630466856,0.9931223970325483,3324,0.7144835378030344,0.6302647412755716,ALL24,0.95
gap_depthBoth,1000,14,14,1.0,0.12278653641492332,0.6359450773076559,9670,0.34726169130625556,0.31747673216132366,ALL24,0.95
gap_depthBoth,2000,14,14,1.0,0.21016944942721105,0.7902497742729115,6536,0.49988521923215334,0.44920440636474906,ALL24,0.95
gap_depthBoth,5000,14,14,1.0,0.36993496075636206,1.039380546807329,4402,0.6532857001404054,0.5720127214902317,ALL24,0.95
gap_depthBoth,10000,14,14,1.0,0.4932365837283434,1.3641797421060835,3396,0.7597452836655242,0.6224970553592462,ALL24,0.95
gap_depthBoth,30000,14,14,1.0,0.4800963961796622,1.673805985478539,2126,0.7886180222530678,0.6199435559736595,ALL24,0.95
gap_depthL1,1000,14,14,1.0,0.12003365864594139,0.6272901017408462,10192,0.341471366221924,0.3159340659340659,ALL24,0.95
gap_depthL1,2000,14,14,1.0,0.2085851683200223,0.7946968718824804,6869,0.49732640544919304,0.4476634153443005,ALL24,0.95
gap_depthL1,5000,14,14,1.0,0.36018485023045743,1.0354169391386179,4596,0.6513023003309832,0.5691906005221932,ALL24,0.95
gap_depthL1,10000,14,14,1.0,0.4828755436480591,1.3466022003472913,3521,0.7641894085723926,0.6216983811417212,ALL24,0.95
gap_depthL1,30000,14,14,1.0,0.507413637063681,1.6784576299127039,2182,0.7843742922173087,0.6182401466544455,ALL24,0.95
gap_depth_extOFI,1000,14,14,1.0,0.13230206468816244,0.7179730128845043,8618,0.3894219563635151,0.3245532606173126,ALL24,0.95
gap_depth_extOFI,2000,14,14,1.0,0.22154627328237145,0.8958127037546366,5907,0.5584719658315689,0.45573048925004234,ALL24,0.95
gap_depth_extOFI,5000,14,14,1.0,0.38347281959051155,1.0802488688116418,4015,0.7255389641921761,0.5808219178082191,ALL24,0.95
gap_depth_extOFI,10000,14,14,1.0,0.48432079920223103,1.3643054271103419,3139,0.8521478111869196,0.6314112774769035,ALL24,0.95
gap_depth_extOFI,30000,14,14,1.0,0.4144950064254004,1.6761489783871277,2023,0.8128611981689632,0.6287691547207118,ALL24,0.95
gap_extOFI,1000,14,14,1.0,0.13635720304605678,0.676242188004707,9922,0.3909831231769374,0.3065914130215682,ALL24,0.95
gap_extOFI,2000,14,14,1.0,0.22778396236692214,0.8413474435727386,6725,0.5576991563289452,0.4312267657992565,ALL24,0.95
gap_extOFI,5000,14,14,1.0,0.3785409564794352,1.011824746621399,4471,0.730175795927471,0.557593379557146,ALL24,0.95
gap_extOFI,10000,14,14,1.0,0.5799850068114746,1.3300000993645318,3420,0.8917818573512815,0.6160818713450292,ALL24,0.95
gap_extOFI,30000,14,14,1.0,0.5191032941662937,1.814313337616241,2158,0.9454759040465209,0.6283595922150139,ALL24,0.95
gap_leader1000,1000,14,14,1.0,0.29030965747502563,0.7380518617699167,7022,0.4792652663030352,0.42153232697237253,ALL24,0.95
gap_leader1000,2000,14,14,1.0,0.33802777591464217,0.8206338468975755,6162,0.5439732267213302,0.4866926322622525,ALL24,0.95
gap_leader1000,5000,14,14,1.0,0.3977962793938426,0.9010656565541626,4993,0.6303300801761872,0.5553775285399559,ALL24,0.95
gap_leader1000,10000,14,14,1.0,0.3640898262636755,1.0216263065017748,3934,0.6535177662671056,0.5894763599389934,ALL24,0.95
gap_leader1000,30000,14,14,1.0,0.39067589560108346,1.6374675728827228,2417,0.7691064323894545,0.5986760446834919,ALL24,0.95
gap_localOFI,1000,14,14,1.0,0.13201842756248935,0.6163775510073111,8238,0.366756596867038,0.3191308570041272,ALL24,0.95
gap_localOFI,2000,14,14,1.0,0.194827674656852,0.7352417252832527,6089,0.49243131294022735,0.42634258498932504,ALL24,0.95
gap_localOFI,5000,14,14,1.0,0.32734409269781856,0.9937603097040365,4280,0.6353863023593597,0.5441588785046729,ALL24,0.95
gap_localOFI,10000,14,14,1.0,0.46502016235296995,1.1950166614696838,3319,0.7576253493108167,0.5983730039168424,ALL24,0.95
gap_localOFI,30000,14,14,1.0,0.40555212742863284,1.932004204253164,2097,0.8129636446036188,0.6175488793514544,ALL24,0.95
gap_localTrade,1000,14,14,1.0,0.32144102684328524,1.1556815640516738,4005,0.719426533410252,0.46916354556803996,ALL24,0.95
gap_localTrade,2000,14,14,1.0,0.4120184194530036,1.2600308922218126,3456,0.8302937547325997,0.5436921296296297,ALL24,0.95
gap_localTrade,5000,14,14,1.0,0.522874866609161,1.3539365580017453,2803,0.9594729941716508,0.6264716375312166,ALL24,0.95
gap_localTrade,10000,14,14,1.0,0.6482501395371809,1.5376472089143023,2342,1.1099829721591277,0.6515798462852262,ALL24,0.95
gap_localTrade,30000,14,14,1.0,0.5232318328109177,2.3392677453345674,1625,1.216816005392405,0.6375384615384615,ALL24,0.95
leader1000_extOFI,1000,14,14,1.0,0.1510494990264517,0.612096973651534,12458,0.33185583788262496,0.3303098410659817,ALL24,0.95
leader1000_extOFI,2000,14,14,1.0,0.1870003470627687,0.6480209812319787,10405,0.38285570611961245,0.3992311388755406,ALL24,0.95
leader1000_extOFI,5000,14,14,1.0,0.2300437116702409,0.754543698894647,7991,0.45235789886407163,0.48379426855212115,ALL24,0.95
leader1000_extOFI,10000,14,14,1.0,0.24468658119561326,0.703190608379154,6091,0.4627390976964882,0.5207683467410934,ALL24,0.95
leader1000_extOFI,30000,14,14,1.0,0.13349753671692102,1.0842206700031358,3344,0.5325243198445915,0.5535287081339713,ALL24,0.95
